,LATITUDE,LONGITUDE,ROCK TYPE,ROCK NAME,SIO2,NA2O,K2O
0,19.3,-155.5,IGNEOUS:VOLCANIC:MAFIC,BASALT,51.61,2.14,0.35
1,19.7408,-155.05,IGNEOUS:VOLCANIC:MAFIC,THOLEIITE,45.53,1.04,0.09
2,19.3768,-155.937,IGNEOUS:VOLCANIC:MAFIC,ALKALI BASALT,46.81,3.59,0.9
3,19.3,-155.5,IGNEOUS:VOLCANIC:MAFIC,BASALT,51.68,2.38,0.38
4,18.6972,-155.77100000000002,IGNEOUS:VOLCANIC:MAFIC,PICRITE,47.33,1.38,0.22
5,19.51,-155.5,IGNEOUS:VOLCANIC:MAFIC,THOLEIITE,48.75,2.29,0.59
6,19.51,-155.5,IGNEOUS:VOLCANIC:MAFIC,THOLEIITE,50.31,2.39,0.48
7,19.51,-155.5,IGNEOUS:VOLCANIC:MAFIC,THOLEIITE,45.94,1.02,0.14
8,19.51,-155.5,IGNEOUS:VOLCANIC:MAFIC,THOLEIITE,47.91,1.55,0.21
9,19.4627,-155.985,IGNEOUS:VOLCANIC:MAFIC,BASALT,51.56,2.56,0.46
10,19.3,-155.5,IGNEOUS:VOLCANIC:MAFIC,BASALT,51.0,2.03,0.29
11,19.7408,-155.05,IGNEOUS:VOLCANIC:MAFIC,THOLEIITE,49.91,2.26,0.18
12,64.2824,-20.8691,IGNEOUS:VOLCANIC:MAFIC,BASALT,49.03,1.48,0.18
13,64.2307,-21.0022,IGNEOUS:VOLCANIC:MAFIC,BASALT,48.45,1.81,0.1
14,19.3,-155.5,IGNEOUS:VOLCANIC:MAFIC,BASALT,51.95,2.48,0.44
15,19.3,-155.5,IGNEOUS:VOLCANIC:MAFIC,BASALT,51.7,2.54,0.36
16,19.3,-155.5,IGNEOUS:VOLCANIC:MAFIC,BASALT,51.88,1.98,0.4
17,20.083,-155.717,IGNEOUS:VOLCANIC:MAFIC,BASALT,,,
18,20.083,-155.717,IGNEOUS:VOLCANIC:MAFIC,BASALT,48.77,2.39,0.78
19,18.8069,-155.85,IGNEOUS:VOLCANIC:MAFIC,BASALT,50.93,2.12,0.31
20,64.5811,-20.6348,IGNEOUS:VOLCANIC:MAFIC,BASALT,49.19,1.44,0.11
21,19.3,-155.5,IGNEOUS:VOLCANIC:MAFIC,BASALT,51.84,2.45,0.4
22,18.6758,-155.686,IGNEOUS:VOLCANIC:MAFIC,PICRITE,46.66,1.29,0.19
23,18.6867,-155.687,IGNEOUS:VOLCANIC:MAFIC,PICRITE,47.58,1.48,0.22
24,19.3,-155.5,IGNEOUS:VOLCANIC:MAFIC,BASALT,49.56,1.83,0.34
25,18.8228,-155.721,IGNEOUS:VOLCANIC:MAFIC,PICRITE,47.27,1.28,0.22
26,19.51,-155.5,IGNEOUS:VOLCANIC:MAFIC,THOLEIITE,47.37,1.69,0.16
27,19.7408,-155.05,IGNEOUS:VOLCANIC:MAFIC,BASALT,,2.1,0.44
28,19.7408,-155.05,IGNEOUS:VOLCANIC:MAFIC,BASALT,,,
29,19.51,-155.5,IGNEOUS:VOLCANIC:MAFIC,THOLEIITE,49.8,1.48,0.3
30,19.51,-155.5,IGNEOUS:VOLCANIC:MAFIC,THOLEIITE,49.91,2.06,0.32
31,18.62,-155.775,IGNEOUS:VOLCANIC:MAFIC,PICRITE,49.35,2.02,0.32
32,19.3,-155.5,IGNEOUS:VOLCANIC:MAFIC,BASALT,46.9,1.16,0.25
33,19.51,-155.5,IGNEOUS:VOLCANIC:MAFIC,THOLEIITE,49.27,1.77,0.29
34,18.95,-155.983,IGNEOUS:VOLCANIC:MAFIC,BASALT,50.88,2.17,0.38
35,63.9801,-20.7167,IGNEOUS:VOLCANIC:MAFIC,BASALT,48.7,2.18,0.16
36,63.9801,-20.7167,IGNEOUS:VOLCANIC:MAFIC,BASALT,46.8,2.05,0.14
37,64.7689,-19.5,IGNEOUS:VOLCANIC:MAFIC,BASALT,47.2,2.14,0.13
38,18.823,-155.725,IGNEOUS:VOLCANIC:MAFIC,BASALT,50.92,1.92,0.3
39,19.51,-155.5,IGNEOUS:VOLCANIC:MAFIC,THOLEIITE,47.65,1.52,0.28
40,18.8784,-155.691,IGNEOUS:VOLCANIC:MAFIC,PICRITE,49.52,2.28,0.3
41,19.3,-155.5,IGNEOUS:VOLCANIC:MAFIC,BASALT,51.48,2.06,0.44
42,19.51,-155.5,IGNEOUS:VOLCANIC:MAFIC,THOLEIITE,47.81,2.28,0.21
43,19.51,-155.5,IGNEOUS:VOLCANIC:MAFIC,THOLEIITE,50.24,2.27,0.34
44,19.51,-155.5,IGNEOUS:VOLCANIC:MAFIC,THOLEIITE,49.91,1.97,0.19
45,18.6563,-155.8,IGNEOUS:VOLCANIC:MAFIC,PICRITE,49.35,1.92,0.43
46,18.6192,-155.775,IGNEOUS:VOLCANIC:MAFIC,BASALT,50.48,2.05,0.41
47,19.3,-155.5,IGNEOUS:VOLCANIC:MAFIC,BASALT,52.31,2.18,0.44
48,18.8235,-155.708,IGNEOUS:VOLCANIC:MAFIC,PICRITE,49.34,1.73,0.28
49,19.2028,-156.078,IGNEOUS:VOLCANIC:MAFIC,BASALT,51.26,2.59,0.32
50,19.3742,-155.933,IGNEOUS:VOLCANIC:MAFIC,ALKALI BASALT,46.54,3.9,0.87
51,19.51,-155.5,IGNEOUS:VOLCANIC:MAFIC,THOLEIITE,47.22,1.36,0.15
52,19.51,-155.5,IGNEOUS:VOLCANIC:MAFIC,THOLEIITE,45.76,1.19,0.21
53,19.51,-155.5,IGNEOUS:VOLCANIC:MAFIC,THOLEIITE,47.5,1.86,0.11
54,19.3,-155.5,IGNEOUS:VOLCANIC:MAFIC,BASALT,50.31,2.15,0.32
55,18.687,-155.695,IGNEOUS:VOLCANIC:MAFIC,PICRITE,46.79,1.26,0.17
56,19.3,-155.5,IGNEOUS:VOLCANIC:MAFIC,BASALT,51.75,2.36,0.46
57,18.882,-155.705,IGNEOUS:VOLCANIC:MAFIC,PICRITE,47.23,1.64,0.22
58,19.3,-155.5,IGNEOUS:VOLCANIC:MAFIC,BASALT,51.91,2.28,0.46
59,19.51,-155.5,IGNEOUS:VOLCANIC:MAFIC,THOLEIITE,46.49,1.38,0.29
60,19.3,-155.5,IGNEOUS:VOLCANIC:MAFIC,BASALT,49.31,1.8,0.31
61,19.51,-155.5,IGNEOUS:VOLCANIC:MAFIC,THOLEIITE,46.82,1.71,0.17
62,19.3,-155.5,IGNEOUS:VOLCANIC:MAFIC,BASALT,51.65,2.3,0.3
63,18.6732,-155.743,IGNEOUS:VOLCANIC:MAFIC,PICRITE,47.92,1.39,0.21
64,19.51,-155.5,IGNEOUS:VOLCANIC:MAFIC,THOLEIITE,45.54,0.97,0.2
65,19.51,-155.5,IGNEOUS:VOLCANIC:MAFIC,THOLEIITE,46.41,1.34,0.24
66,19.3,-155.5,IGNEOUS:VOLCANIC:MAFIC,BASALT,51.79,2.06,0.41
67,19.51,-155.5,IGNEOUS:VOLCANIC:MAFIC,THOLEIITE,47.85,2.11,0.22
68,18.6972,-155.77100000000002,IGNEOUS:VOLCANIC:MAFIC,PICRITE,48.46,1.61,0.3
69,19.51,-155.5,IGNEOUS:VOLCANIC:MAFIC,THOLEIITE,46.54,1.05,0.11
70,19.62,-155.93,IGNEOUS:VOLCANIC:MAFIC,ALKALI BASALT,45.16,2.28,0.54
71,19.3,-155.5,IGNEOUS:VOLCANIC:MAFIC,BASALT,51.45,2.05,0.43
72,19.3,-155.5,IGNEOUS:VOLCANIC:MAFIC,BASALT,46.88,1.21,0.26
73,19.3,-155.5,IGNEOUS:VOLCANIC:MAFIC,BASALT,52.05,2.13,0.34
74,64.7805,-19.538,IGNEOUS:VOLCANIC:MAFIC,BASALT,48.3,1.54,0.11
75,19.51,-155.5,IGNEOUS:VOLCANIC:MAFIC,THOLEIITE,46.95,1.61,0.27
76,18.942,-155.887,IGNEOUS:VOLCANIC:MAFIC,PICRITE,49.7,2.06,0.32
77,21.5881,-159.055,IGNEOUS:VOLCANIC:MAFIC,BASALT,49.43,2.09,0.42
78,19.4668,-155.988,IGNEOUS:VOLCANIC:MAFIC,BASALT,51.89,2.35,0.36
79,63.9713,-21.3007,IGNEOUS:VOLCANIC:MAFIC,BASALT,48.01,1.14,0.06
80,19.51,-155.5,IGNEOUS:VOLCANIC:MAFIC,THOLEIITE,47.54,1.38,0.1
81,19.51,-155.5,IGNEOUS:VOLCANIC:MAFIC,THOLEIITE,48.38,1.81,0.3
82,19.7408,-155.05,IGNEOUS:VOLCANIC:MAFIC,BASALT,,1.6,0.29
83,19.7408,-155.05,IGNEOUS:VOLCANIC:MAFIC,BASALT,,,
84,19.3,-155.5,IGNEOUS:VOLCANIC:MAFIC,BASALT,51.73,2.64,0.49
85,19.51,-155.5,IGNEOUS:VOLCANIC:MAFIC,THOLEIITE,45.54,0.966,0.2
86,19.3,-155.5,IGNEOUS:VOLCANIC:MAFIC,BASALT,52.41,2.26,0.37
87,19.4647,-155.976,IGNEOUS:VOLCANIC:MAFIC,BASALT,51.81,2.3,0.36
88,19.3,-155.5,IGNEOUS:VOLCANIC:MAFIC,BASALT,51.95,1.99,0.42
89,19.51,-155.5,IGNEOUS:VOLCANIC:MAFIC,THOLEIITE,45.03,1.09,0.19
90,18.6417,-155.766,IGNEOUS:VOLCANIC:MAFIC,PICRITE,47.36,1.3,0.19
91,18.7791,-155.715,IGNEOUS:VOLCANIC:MAFIC,BASALT,50.52,2.23,0.32
92,18.942,-155.887,IGNEOUS:VOLCANIC:MAFIC,BASALT,50.67,1.95,0.37
93,19.51,-155.5,IGNEOUS:VOLCANIC:MAFIC,THOLEIITE,47.24,1.74,0.14
94,64.797,-19.4688,IGNEOUS:VOLCANIC:MAFIC,BASALT,49.2,2.58,0.43
95,64.6799,-19.7822,IGNEOUS:VOLCANIC:MAFIC,BASALT,47.53,1.69,0.07
96,19.51,-155.5,IGNEOUS:VOLCANIC:MAFIC,THOLEIITE,50.18,1.91,0.27
97,19.3,-155.5,IGNEOUS:VOLCANIC:MAFIC,BASALT,49.49,1.95,0.28
98,19.0333,-155.97799999999998,IGNEOUS:VOLCANIC:MAFIC,BASALT,51.84,2.03,0.42
99,19.3,-155.5,IGNEOUS:VOLCANIC:MAFIC,BASALT,50.67,1.95,0.37
100,18.8167,-156.056,IGNEOUS:VOLCANIC:MAFIC,BASALT,50.74,2.15,0.3
101,19.4653,-155.986,IGNEOUS:VOLCANIC:MAFIC,BASALT,51.69,2.31,0.36
102,19.3,-155.5,IGNEOUS:VOLCANIC:MAFIC,BASALT,51.1,2.45,0.39
103,19.51,-155.5,IGNEOUS:VOLCANIC:MAFIC,THOLEIITE,49.34,2.11,0.46
104,19.4508,-155.96,IGNEOUS:VOLCANIC:MAFIC,BASALT,47.12,3.06,0.61
105,19.51,-155.5,IGNEOUS:VOLCANIC:MAFIC,THOLEIITE,46.45,1.24,0.09
106,19.3,-155.5,IGNEOUS:VOLCANIC:MAFIC,BASALT,50.95,2.03,0.35
107,19.3,-155.5,IGNEOUS:VOLCANIC:MAFIC,BASALT,51.67,2.21,0.44
108,18.8233,-155.71200000000002,IGNEOUS:VOLCANIC:MAFIC,BASALT,51.16,2.16,0.35
109,19.51,-155.5,IGNEOUS:VOLCANIC:MAFIC,THOLEIITE,51.81,2.26,0.45
110,19.1055,-156.321,IGNEOUS:VOLCANIC:MAFIC,BASALT,51.07,2.14,0.37
111,18.6972,-155.77100000000002,IGNEOUS:VOLCANIC:MAFIC,PICRITE,49.06,1.63,0.32
112,19.4333,-155.972,IGNEOUS:VOLCANIC:MAFIC,BASALT,51.4,2.16,0.33
113,19.51,-155.5,IGNEOUS:VOLCANIC:MAFIC,THOLEIITE,50.51,1.84,0.21
114,64.3895,-21.235,IGNEOUS:VOLCANIC:MAFIC,BASALT,48.2,2.06,0.27
115,64.3895,-21.235,IGNEOUS:VOLCANIC:MAFIC,BASALT,48.04,1.4,0.18
116,64.0061,-21.3589,IGNEOUS:VOLCANIC:MAFIC,BASALT,49.0,2.11,0.09
117,64.0061,-21.3589,IGNEOUS:VOLCANIC:MAFIC,BASALT,48.1,1.28,0.06
118,64.7664,-20.6243,IGNEOUS:VOLCANIC:MAFIC,BASALT,47.87,2.05,0.16
119,19.3517,-155.965,IGNEOUS:VOLCANIC:MAFIC,BASALT,50.81,2.1,0.37
120,19.3,-155.5,IGNEOUS:VOLCANIC:MAFIC,BASALT,48.93,1.78,0.27
121,19.3,-155.5,IGNEOUS:VOLCANIC:MAFIC,BASALT,51.5,2.71,0.39
122,18.8817,-155.704,IGNEOUS:VOLCANIC:MAFIC,PICRITE,47.15,1.65,0.21
123,19.51,-155.5,IGNEOUS:VOLCANIC:MAFIC,THOLEIITE,50.06,2.35,0.33
124,18.8799,-155.697,IGNEOUS:VOLCANIC:MAFIC,BASALT,51.75,2.99,0.51
125,19.7408,-155.05,IGNEOUS:VOLCANIC:MAFIC,THOLEIITE,48.8,1.95,0.26
126,18.6423,-155.766,IGNEOUS:VOLCANIC:MAFIC,PICRITE,48.81,1.55,0.25
127,19.51,-155.5,IGNEOUS:VOLCANIC:MAFIC,THOLEIITE,46.72,1.81,0.17
128,64.4815,-20.4269,IGNEOUS:VOLCANIC:MAFIC,BASALT,48.15,1.96,0.18
129,64.9663,-19.8663,IGNEOUS:VOLCANIC:MAFIC,BASALT,49.25,1.33,0.06
130,19.3,-155.5,IGNEOUS:VOLCANIC:MAFIC,BASALT,49.22,1.76,0.36
131,64.4855,-20.7345,IGNEOUS:VOLCANIC:MAFIC,BASALT,48.54,1.55,0.15
132,18.8252,-155.704,IGNEOUS:VOLCANIC:MAFIC,PICRITE,49.11,1.67,0.29
133,19.3,-155.5,IGNEOUS:VOLCANIC:MAFIC,BASALT,51.5,2.0,0.38
134,19.3,-155.5,IGNEOUS:VOLCANIC:MAFIC,BASALT,50.95,2.24,0.35
135,19.51,-155.5,IGNEOUS:VOLCANIC:MAFIC,THOLEIITE,48.98,1.76,0.32
136,19.51,-155.5,IGNEOUS:VOLCANIC:MAFIC,THOLEIITE,45.45,1.09,0.12
137,18.7572,-155.792,IGNEOUS:VOLCANIC:MAFIC,PICRITE,46.7,1.16,0.2
138,19.7408,-155.05,IGNEOUS:VOLCANIC:MAFIC,THOLEIITE,46.47,1.61,0.09
139,21.6334,-159.042,IGNEOUS:VOLCANIC:MAFIC,BASALT,45.47,2.9,1.64
140,19.51,-155.5,IGNEOUS:VOLCANIC:MAFIC,THOLEIITE,46.96,1.93,0.13
141,18.8233,-155.715,IGNEOUS:VOLCANIC:MAFIC,PICRITE,48.41,1.37,0.31
142,19.51,-155.5,IGNEOUS:VOLCANIC:MAFIC,THOLEIITE,47.96,1.64,0.33
143,18.8232,-155.713,IGNEOUS:VOLCANIC:MAFIC,BASALT,51.3,2.36,0.36
144,19.4625,-156.005,IGNEOUS:VOLCANIC:MAFIC,PICRITE,48.34,1.48,0.23
145,19.3,-155.5,IGNEOUS:VOLCANIC:MAFIC,BASALT,51.48,2.52,0.43
146,19.51,-155.5,IGNEOUS:VOLCANIC:MAFIC,THOLEIITE,50.41,2.42,0.31
147,19.3,-155.5,IGNEOUS:VOLCANIC:MAFIC,BASALT,51.83,2.31,0.42
148,64.7004,-20.8824,IGNEOUS:VOLCANIC:MAFIC,BASALT,48.36,1.82,0.1
149,19.3,-155.5,IGNEOUS:VOLCANIC:MAFIC,BASALT,51.48,2.24,0.37
150,19.3,-155.5,IGNEOUS:VOLCANIC:MAFIC,BASALT,51.43,2.5,0.44
151,18.942,-155.887,IGNEOUS:VOLCANIC:MAFIC,BASALT,51.59,2.42,0.41
152,18.6875,-155.695,IGNEOUS:VOLCANIC:MAFIC,PICRITE,47.21,1.29,0.19
153,64.797,-19.4688,IGNEOUS:VOLCANIC:MAFIC,BASALT,49.6,1.91,1.43
154,22.0367,-158.92,IGNEOUS:VOLCANIC:MAFIC,BASALT,,,
155,22.0367,-158.92,IGNEOUS:VOLCANIC:MAFIC,BASALT,51.74,2.26,0.58
156,19.4608,-155.984,IGNEOUS:VOLCANIC:MAFIC,BASALT,51.64,2.32,0.46
157,19.3,-155.5,IGNEOUS:VOLCANIC:MAFIC,BASALT,51.28,2.3,0.37
158,21.7323,-158.999,IGNEOUS:VOLCANIC:MAFIC,BASALT,,,
159,21.7323,-158.999,IGNEOUS:VOLCANIC:MAFIC,BASALT,51.29,2.2,0.41
160,18.8793,-155.694,IGNEOUS:VOLCANIC:MAFIC,PICRITE,49.21,2.24,0.26
161,19.51,-155.5,IGNEOUS:VOLCANIC:MAFIC,THOLEIITE,47.18,1.56,0.1
162,63.8753,-21.5461,IGNEOUS:VOLCANIC:MAFIC,BASALT,49.47,1.8,0.05
163,19.465999999999998,-155.974,IGNEOUS:VOLCANIC:MAFIC,BASALT,51.79,2.1,0.36
164,19.3,-155.5,IGNEOUS:VOLCANIC:MAFIC,BASALT,50.97,2.19,0.3
165,18.7572,-155.792,IGNEOUS:VOLCANIC:MAFIC,BASALT,50.9,1.96,0.4
166,19.51,-155.5,IGNEOUS:VOLCANIC:MAFIC,THOLEIITE,47.56,1.44,0.24
167,19.51,-155.5,IGNEOUS:VOLCANIC:MAFIC,THOLEIITE,46.45,1.75,0.22
168,19.6,-155.97,IGNEOUS:VOLCANIC:MAFIC,BASALT,46.92,2.81,0.88
169,19.7408,-155.05,IGNEOUS:VOLCANIC:MAFIC,THOLEIITE,49.59,2.19,0.15
170,19.51,-155.5,IGNEOUS:VOLCANIC:MAFIC,THOLEIITE,49.85,1.74,0.11
171,22.0212,-158.904,IGNEOUS:VOLCANIC:MAFIC,BASALT,,,
172,22.0212,-158.904,IGNEOUS:VOLCANIC:MAFIC,BASALT,50.22,2.18,0.51
173,19.51,-155.5,IGNEOUS:VOLCANIC:MAFIC,THOLEIITE,45.78,1.32,0.28
174,18.9105,-155.99,IGNEOUS:VOLCANIC:MAFIC,BASALT,51.15,2.39,0.38
175,64.8888,-20.089000000000002,IGNEOUS:VOLCANIC:MAFIC,BASALT,48.8,1.58,0.11
176,63.8806,-21.6138,IGNEOUS:VOLCANIC:MAFIC,BASALT,48.48,2.21,0.18
177,18.7572,-155.792,IGNEOUS:VOLCANIC:MAFIC,BASALT,50.72,1.93,0.3
178,19.7408,-155.05,IGNEOUS:VOLCANIC:MAFIC,THOLEIITE,50.47,2.55,0.18
179,18.95,-155.983,IGNEOUS:VOLCANIC:MAFIC,BASALT,51.44,2.47,0.65
180,64.3486,-20.539,IGNEOUS:VOLCANIC:MAFIC,BASALT,48.0,2.25,0.26
181,64.3486,-20.539,IGNEOUS:VOLCANIC:MAFIC,BASALT,48.14,1.91,0.24
182,19.3,-155.5,IGNEOUS:VOLCANIC:MAFIC,BASALT,50.69,2.22,0.36
183,19.51,-155.5,IGNEOUS:VOLCANIC:MAFIC,THOLEIITE,46.98,1.86,0.3
184,18.8829,-155.72,IGNEOUS:VOLCANIC:MAFIC,PICRITE,47.99,2.03,0.25
185,19.51,-155.5,IGNEOUS:VOLCANIC:MAFIC,THOLEIITE,49.73,2.03,0.45
186,18.6192,-155.775,IGNEOUS:VOLCANIC:MAFIC,BASALT,50.13,1.98,0.39
187,64.2824,-20.8691,IGNEOUS:VOLCANIC:MAFIC,BASALT,48.47,1.95,0.21
188,19.51,-155.5,IGNEOUS:VOLCANIC:MAFIC,THOLEIITE,47.01,1.54,0.29
189,19.51,-155.5,IGNEOUS:VOLCANIC:MAFIC,THOLEIITE,49.45,1.93,0.34
190,19.3,-155.5,IGNEOUS:VOLCANIC:MAFIC,BASALT,50.46,1.99,0.4
191,19.3,-155.5,IGNEOUS:VOLCANIC:MAFIC,BASALT,49.01,1.74,0.35
192,18.8333,-155.733,IGNEOUS:VOLCANIC:MAFIC,PICRITE,49.17,1.81,0.27
193,18.8829,-155.71200000000002,IGNEOUS:VOLCANIC:MAFIC,PICRITE,45.01,1.21,0.17
194,18.8228,-155.71,IGNEOUS:VOLCANIC:MAFIC,BASALT,51.29,2.01,0.34
195,19.4433,-155.95600000000002,IGNEOUS:VOLCANIC:MAFIC,BASALT,51.46,2.11,0.35
196,19.51,-155.5,IGNEOUS:VOLCANIC:MAFIC,THOLEIITE,47.92,1.76,0.31
197,19.4755,-156.164,IGNEOUS:VOLCANIC:MAFIC,BASALT,51.53,2.48,0.47
198,64.4936,-20.7753,IGNEOUS:VOLCANIC:MAFIC,BASALT,48.4,1.98,0.14
199,19.51,-155.5,IGNEOUS:VOLCANIC:MAFIC,THOLEIITE,45.05,0.91,0.05
200,18.825,-155.708,IGNEOUS:VOLCANIC:MAFIC,PICRITE,48.64,1.55,0.26
201,19.4652,-155.975,IGNEOUS:VOLCANIC:MAFIC,BASALT,51.98,2.12,0.36
202,19.75,-155.93,IGNEOUS:PLUTONIC:ULTRAMAFIC,PERIDOTITE,,,
203,19.4245,-156.135,IGNEOUS:VOLCANIC:MAFIC,BASALT,50.01,2.25,0.32
204,64.4815,-20.4269,IGNEOUS:VOLCANIC:MAFIC,BASALT,49.03,1.99,0.18
205,19.51,-155.5,IGNEOUS:VOLCANIC:MAFIC,THOLEIITE,50.18,2.15,0.26
206,19.51,-155.5,IGNEOUS:VOLCANIC:MAFIC,THOLEIITE,46.78,1.58,0.15
207,19.3,-155.5,IGNEOUS:VOLCANIC:MAFIC,BASALT,50.35,2.05,0.24
208,19.51,-155.5,IGNEOUS:VOLCANIC:MAFIC,THOLEIITE,44.35,0.81,0.08
209,18.8333,-155.733,IGNEOUS:VOLCANIC:MAFIC,PICRITE,48.11,1.58,0.23
210,64.5874,-20.6468,IGNEOUS:VOLCANIC:MAFIC,BASALT,50.1,1.39,0.12
211,21.7328,-158.999,IGNEOUS:VOLCANIC:MAFIC,BASALT,51.22,1.69,0.39
212,19.1565,-155.963,IGNEOUS:VOLCANIC:MAFIC,BASALT,51.35,2.33,0.42
213,19.3,-155.5,IGNEOUS:VOLCANIC:MAFIC,BASALT,50.86,2.04,0.43
214,19.51,-155.5,IGNEOUS:VOLCANIC:MAFIC,THOLEIITE,47.78,1.57,0.24
215,19.3,-155.5,IGNEOUS:VOLCANIC:MAFIC,BASALT,51.64,2.39,0.5
216,18.9105,-155.99,IGNEOUS:VOLCANIC:MAFIC,BASALT,51.13,2.33,0.36
217,19.51,-155.5,IGNEOUS:VOLCANIC:MAFIC,THOLEIITE,46.76,1.43,0.27
218,22.2668,-158.967,IGNEOUS:VOLCANIC:MAFIC,BASALT,,,
219,22.2668,-158.967,IGNEOUS:VOLCANIC:MAFIC,BASALT,51.07,1.63,0.25
220,18.92,-155.67,IGNEOUS:VOLCANIC:MAFIC,BASALT,50.46,2.33,0.37
221,19.62,-155.93,IGNEOUS:VOLCANIC:MAFIC,BASALT,47.25,2.7,0.85
222,18.6863,-155.738,IGNEOUS:VOLCANIC:MAFIC,BASALT,50.09,1.57,0.28
223,19.7408,-155.05,IGNEOUS:VOLCANIC:MAFIC,THOLEIITE,50.18,2.13,0.34
224,18.644000000000002,-155.765,IGNEOUS:VOLCANIC:MAFIC,PICRITE,47.74,1.26,0.21
225,19.3,-155.5,IGNEOUS:VOLCANIC:MAFIC,BASALT,51.76,2.41,0.38
226,64.3308,-20.5931,IGNEOUS:VOLCANIC:MAFIC,BASALT,48.31,2.2,0.28
227,64.3308,-20.5931,IGNEOUS:VOLCANIC:MAFIC,BASALT,48.4,2.16,0.28
228,19.3,-155.5,IGNEOUS:VOLCANIC:MAFIC,BASALT,51.32,2.35,0.37
229,19.51,-155.5,IGNEOUS:VOLCANIC:MAFIC,THOLEIITE,50.69,2.15,0.31
230,18.8069,-155.85,IGNEOUS:VOLCANIC:MAFIC,BASALT,50.76,2.15,0.34
231,19.3,-155.5,IGNEOUS:VOLCANIC:MAFIC,BASALT,52.27,2.26,0.47
232,64.4815,-20.4269,IGNEOUS:VOLCANIC:MAFIC,BASALT,48.17,1.9,0.17
233,19.1055,-156.321,IGNEOUS:VOLCANIC:MAFIC,BASALT,51.12,2.3,0.42
234,19.3742,-155.937,IGNEOUS:VOLCANIC:MAFIC,ALKALI BASALT,46.83,3.54,0.86
235,64.0277,-21.4181,IGNEOUS:VOLCANIC:MAFIC,BASALT,48.76,1.63,0.18
236,19.3,-155.5,IGNEOUS:VOLCANIC:MAFIC,BASALT,51.2,2.11,0.48
237,19.3,-155.5,IGNEOUS:VOLCANIC:MAFIC,BASALT,51.6,2.19,0.37
238,18.679000000000002,-155.687,IGNEOUS:VOLCANIC:MAFIC,PICRITE,45.77,1.14,0.17
239,19.3,-155.5,IGNEOUS:VOLCANIC:MAFIC,BASALT,51.05,2.17,0.43
240,63.9412,-21.518,IGNEOUS:VOLCANIC:MAFIC,BASALT,48.89,1.97,0.32
241,64.3663,-20.673000000000002,IGNEOUS:VOLCANIC:MAFIC,BASALT,49.46,1.37,0.1
242,18.8829,-155.714,IGNEOUS:VOLCANIC:MAFIC,PICRITE,44.94,1.19,0.19
243,19.51,-155.5,IGNEOUS:VOLCANIC:MAFIC,THOLEIITE,46.38,1.54,0.21
244,19.3,-155.5,IGNEOUS:VOLCANIC:MAFIC,BASALT,48.58,1.65,0.34
245,19.51,-155.5,IGNEOUS:VOLCANIC:MAFIC,THOLEIITE,49.96,2.16,0.43
246,19.51,-155.5,IGNEOUS:VOLCANIC:MAFIC,THOLEIITE,50.76,2.65,0.34
247,19.3,-155.5,IGNEOUS:VOLCANIC:MAFIC,BASALT,50.01,1.73,0.29
248,19.3,-155.5,IGNEOUS:VOLCANIC:MAFIC,BASALT,50.35,2.09,0.3
249,19.51,-155.5,IGNEOUS:VOLCANIC:MAFIC,THOLEIITE,46.09,1.59,0.18
250,19.7408,-155.05,IGNEOUS:VOLCANIC:MAFIC,BASALT,,1.5,0.44
251,19.7408,-155.05,IGNEOUS:VOLCANIC:MAFIC,BASALT,,,
252,19.51,-155.5,IGNEOUS:VOLCANIC:MAFIC,THOLEIITE,47.49,1.43,0.19
253,18.8527,-155.92600000000002,IGNEOUS:VOLCANIC:MAFIC,BASALT,51.47,2.59,0.43
254,19.7408,-155.05,IGNEOUS:VOLCANIC:MAFIC,BASALT,,1.54,0.46
255,19.7408,-155.05,IGNEOUS:VOLCANIC:MAFIC,BASALT,,,
256,19.3,-155.5,IGNEOUS:VOLCANIC:MAFIC,BASALT,51.66,1.97,0.44
257,64.0193,-20.6607,IGNEOUS:VOLCANIC:MAFIC,BASALT,47.23,1.92,0.13
258,19.51,-155.5,IGNEOUS:VOLCANIC:MAFIC,THOLEIITE,47.31,1.31,0.1
259,19.51,-155.5,IGNEOUS:VOLCANIC:MAFIC,THOLEIITE,50.29,1.82,0.23
260,19.3,-155.5,IGNEOUS:VOLCANIC:MAFIC,BASALT,47.68,1.48,0.27
261,64.3486,-20.539,IGNEOUS:VOLCANIC:MAFIC,BASALT,48.13,1.86,0.24
262,19.3,-155.5,IGNEOUS:VOLCANIC:MAFIC,BASALT,51.09,1.99,0.4
263,19.1055,-156.321,IGNEOUS:VOLCANIC:MAFIC,BASALT,51.38,2.19,0.29
264,19.3,-155.5,IGNEOUS:VOLCANIC:MAFIC,BASALT,51.57,2.16,0.37
265,21.498,-159.014,IGNEOUS:VOLCANIC:MAFIC,BASALT,48.02,2.99,0.73
266,21.498,-159.014,IGNEOUS:VOLCANIC:MAFIC,BASALT,47.57,2.72,0.69
267,19.3,-155.5,IGNEOUS:VOLCANIC:MAFIC,BASALT,51.48,2.43,0.37
268,19.3,-155.5,IGNEOUS:VOLCANIC:MAFIC,BASALT,51.54,2.48,0.47
269,21.6346,-159.04,IGNEOUS:VOLCANIC:MAFIC,BASALT,,,
270,21.6346,-159.04,IGNEOUS:VOLCANIC:MAFIC,BASALT,45.15,3.16,2.07
271,19.3553,-155.954,IGNEOUS:VOLCANIC:MAFIC,ALKALI BASALT,46.75,3.59,0.89
272,19.374000000000002,-155.934,IGNEOUS:VOLCANIC:MAFIC,ALKALI BASALT,46.56,3.63,0.87
273,64.0076,-20.649,IGNEOUS:VOLCANIC:MAFIC,BASALT,48.5,2.15,0.16
274,19.51,-155.5,IGNEOUS:VOLCANIC:MAFIC,THOLEIITE,48.58,1.8,0.16
275,19.3,-155.5,IGNEOUS:VOLCANIC:MAFIC,BASALT,51.77,2.28,0.41
276,19.51,-155.5,IGNEOUS:VOLCANIC:MAFIC,THOLEIITE,46.39,1.67,0.2
277,19.51,-155.5,IGNEOUS:VOLCANIC:MAFIC,THOLEIITE,49.6,2.05,0.38
278,18.83,-155.696,IGNEOUS:VOLCANIC:MAFIC,BASALT,50.86,2.95,0.57
279,21.6793,-159.976,IGNEOUS:VOLCANIC:MAFIC,BASALT,,,0.39299999999999996
280,21.6793,-159.976,IGNEOUS:VOLCANIC:MAFIC,BASALT,51.43,2.21,0.42
281,19.51,-155.5,IGNEOUS:VOLCANIC:MAFIC,THOLEIITE,47.55,2.0,0.38
282,19.3,-155.5,IGNEOUS:VOLCANIC:MAFIC,BASALT,51.89,2.24,0.43
283,18.8167,-156.056,IGNEOUS:VOLCANIC:MAFIC,PICRITE,48.5,1.57,0.23
284,19.51,-155.5,IGNEOUS:VOLCANIC:MAFIC,THOLEIITE,46.7,1.44,0.08
285,18.6563,-155.8,IGNEOUS:VOLCANIC:MAFIC,PICRITE,49.43,1.86,0.36
286,64.0372,-20.7883,IGNEOUS:VOLCANIC:MAFIC,BASALT,47.15,2.01,0.26
287,19.51,-155.5,IGNEOUS:VOLCANIC:MAFIC,THOLEIITE,50.09,2.12,0.42
288,19.358,-155.94799999999998,IGNEOUS:VOLCANIC:MAFIC,ALKALI BASALT,46.7,3.68,0.87
289,19.51,-155.5,IGNEOUS:VOLCANIC:MAFIC,THOLEIITE,48.23,1.78,0.34
290,19.3,-155.5,IGNEOUS:VOLCANIC:MAFIC,BASALT,51.65,2.1,0.37
291,19.51,-155.5,IGNEOUS:VOLCANIC:MAFIC,THOLEIITE,47.61,1.87,0.25
292,18.820999999999998,-155.722,IGNEOUS:VOLCANIC:MAFIC,PICRITE,49.19,1.38,0.24
293,19.3,-155.5,IGNEOUS:VOLCANIC:MAFIC,BASALT,51.52,2.12,0.35
294,18.8228,-155.715,IGNEOUS:VOLCANIC:MAFIC,BASALT,49.28,2.52,0.53
295,19.51,-155.5,IGNEOUS:VOLCANIC:MAFIC,THOLEIITE,48.72,1.79,0.26
296,19.51,-155.5,IGNEOUS:VOLCANIC:MAFIC,THOLEIITE,47.36,1.58,0.32
297,19.3,-155.5,IGNEOUS:VOLCANIC:MAFIC,BASALT,51.21,2.17,0.37
298,19.7408,-155.05,IGNEOUS:VOLCANIC:MAFIC,THOLEIITE,51.58,2.47,0.45
299,19.3,-155.5,IGNEOUS:VOLCANIC:MAFIC,BASALT,49.08,1.81,0.31
300,18.8829,-155.724,IGNEOUS:VOLCANIC:MAFIC,PICRITE,46.69,1.66,0.26
301,19.51,-155.5,IGNEOUS:VOLCANIC:MAFIC,THOLEIITE,47.48,1.28,0.14
302,18.8233,-155.724,IGNEOUS:VOLCANIC:MAFIC,PICRITE,49.8,1.99,0.24
303,64.5458,-20.9378,IGNEOUS:VOLCANIC:MAFIC,BASALT,49.74,1.68,0.44
304,64.3742,-20.4747,IGNEOUS:VOLCANIC:MAFIC,BASALT,48.68,1.28,0.24
305,18.942,-155.887,IGNEOUS:VOLCANIC:MAFIC,PICRITE,49.77,1.91,0.26
306,19.1595,-155.968,IGNEOUS:VOLCANIC:MAFIC,BASALT,51.8,2.14,0.42
307,18.8518,-155.638,IGNEOUS:VOLCANIC:MAFIC,BASALT,51.02,2.36,0.37
308,64.7252,-19.7181,IGNEOUS:VOLCANIC:MAFIC,BASALT,49.46,1.63,0.14
309,19.3,-155.5,IGNEOUS:VOLCANIC:MAFIC,BASALT,52.2,2.46,0.47
310,66.0057,-16.4979,IGNEOUS:VOLCANIC:MAFIC,BASALT,,,
311,19.3,-155.5,IGNEOUS:VOLCANIC:MAFIC,BASALT,51.45,2.12,0.35
312,19.3775,-155.938,IGNEOUS:VOLCANIC:MAFIC,ALKALI BASALT,46.91,3.71,0.89
313,18.942,-155.887,IGNEOUS:VOLCANIC:MAFIC,PICRITE,47.94,1.72,0.24
314,19.3,-155.5,IGNEOUS:VOLCANIC:MAFIC,BASALT,51.41,2.06,0.38
315,19.51,-155.5,IGNEOUS:VOLCANIC:MAFIC,THOLEIITE,49.41,1.97,0.46
316,18.8783,-155.69,IGNEOUS:VOLCANIC:MAFIC,PICRITE,48.07,1.95,0.26
317,19.3,-155.5,IGNEOUS:VOLCANIC:MAFIC,BASALT,51.43,2.34,0.44
318,18.823,-155.725,IGNEOUS:VOLCANIC:MAFIC,BASALT,50.65,1.97,0.3
319,19.7408,-155.05,IGNEOUS:VOLCANIC:MAFIC,THOLEIITE,48.38,1.96,0.17
320,19.3,-155.5,IGNEOUS:VOLCANIC:MAFIC,BASALT,51.12,2.18,0.36
321,19.7408,-155.05,IGNEOUS:VOLCANIC:MAFIC,BASALT,,,
322,19.51,-155.5,IGNEOUS:VOLCANIC:MAFIC,THOLEIITE,51.1,1.96,0.26
323,19.3,-155.5,IGNEOUS:VOLCANIC:MAFIC,BASALT,51.36,2.7,0.43
324,19.3,-155.5,IGNEOUS:VOLCANIC:MAFIC,BASALT,51.56,1.75,0.41
325,18.8519,-155.632,IGNEOUS:VOLCANIC:MAFIC,PICRITE,47.85,1.81,0.25
326,19.51,-155.5,IGNEOUS:VOLCANIC:MAFIC,THOLEIITE,46.83,1.84,0.17
327,19.51,-155.5,IGNEOUS:VOLCANIC:MAFIC,THOLEIITE,46.9,1.38,0.21
328,19.3,-155.5,IGNEOUS:VOLCANIC:MAFIC,BASALT,51.17,2.12,0.43
329,19.3,-155.5,IGNEOUS:VOLCANIC:MAFIC,BASALT,51.64,2.2,0.37
330,19.3,-155.5,IGNEOUS:VOLCANIC:MAFIC,BASALT,51.67,2.23,0.4
331,18.7729,-155.715,IGNEOUS:VOLCANIC:MAFIC,BASALT,50.78,2.28,0.33
332,18.823,-155.725,IGNEOUS:VOLCANIC:MAFIC,BASALT,51.07,1.91,0.34
333,19.51,-155.5,IGNEOUS:VOLCANIC:MAFIC,THOLEIITE,47.21,1.56,0.38
334,18.775,-155.715,IGNEOUS:VOLCANIC:MAFIC,BASALT,50.54,2.38,0.48
335,19.51,-155.5,IGNEOUS:VOLCANIC:MAFIC,THOLEIITE,47.85,1.14,0.12
336,18.8069,-155.85,IGNEOUS:VOLCANIC:MAFIC,BASALT,50.14,2.03,0.33
337,64.2824,-20.8691,IGNEOUS:VOLCANIC:MAFIC,BASALT,48.41,1.99,0.23
338,21.7219,-158.987,IGNEOUS:VOLCANIC:MAFIC,BASALT,52.17,2.4,0.45
339,21.7219,-158.987,IGNEOUS:VOLCANIC:MAFIC,BASALT,,,
340,21.7219,-158.987,IGNEOUS:VOLCANIC:MAFIC,BASALT,50.3,2.04,0.39
341,19.3,-155.5,IGNEOUS:VOLCANIC:MAFIC,BASALT,49.89,3.36,0.33
342,19.3,-155.5,IGNEOUS:VOLCANIC:MAFIC,BASALT,50.61,2.0,0.28
343,22.0358,-158.91899999999998,IGNEOUS:VOLCANIC:MAFIC,BASALT,51.84,2.22,0.5
344,18.6873,-155.737,IGNEOUS:VOLCANIC:MAFIC,PICRITE,49.99,1.55,0.28
345,19.51,-155.5,IGNEOUS:VOLCANIC:MAFIC,THOLEIITE,50.61,2.09,0.27
346,64.2617,-21.107,IGNEOUS:VOLCANIC:MAFIC,BASALT,48.03,1.91,0.09
347,19.0865,-156.145,IGNEOUS:VOLCANIC:MAFIC,BASALT,50.61,2.09,0.3
348,64.4815,-20.4269,IGNEOUS:VOLCANIC:MAFIC,BASALT,48.57,1.42,0.13
349,18.7572,-155.792,IGNEOUS:VOLCANIC:MAFIC,PICRITE,49.11,1.66,0.29
350,19.3738,-155.936,IGNEOUS:VOLCANIC:MAFIC,ALKALI BASALT,46.54,3.86,0.85
351,19.51,-155.5,IGNEOUS:VOLCANIC:MAFIC,THOLEIITE,46.09,1.4,0.17
352,19.3,-155.5,IGNEOUS:VOLCANIC:MAFIC,BASALT,51.6,2.22,0.33
353,19.3,-155.5,IGNEOUS:VOLCANIC:MAFIC,BASALT,47.87,1.72,0.27
354,19.51,-155.5,IGNEOUS:VOLCANIC:MAFIC,THOLEIITE,47.65,1.55,0.23
355,19.3,-155.5,IGNEOUS:VOLCANIC:MAFIC,BASALT,50.41,2.1,0.37
356,21.7412,-159.012,IGNEOUS:VOLCANIC:MAFIC,BASALT,55.97,2.52,0.23
357,21.7412,-159.012,IGNEOUS:VOLCANIC:MAFIC,BASALT,,,
358,21.7412,-159.012,IGNEOUS:VOLCANIC:MAFIC,BASALT,52.26,2.06,0.22
359,64.2964,-20.9958,IGNEOUS:VOLCANIC:MAFIC,BASALT,47.58,1.66,0.09
360,18.8232,-155.711,IGNEOUS:VOLCANIC:MAFIC,BASALT,51.55,2.25,0.37
361,19.465,-155.985,IGNEOUS:VOLCANIC:MAFIC,BASALT,51.88,2.02,0.36
362,64.4855,-20.7345,IGNEOUS:VOLCANIC:MAFIC,BASALT,49.0,2.04,0.18
363,19.3,-155.5,IGNEOUS:VOLCANIC:MAFIC,BASALT,51.7,1.61,0.44
364,64.7193,-19.7128,IGNEOUS:VOLCANIC:MAFIC,BASALT,49.13,1.29,0.11
365,19.3,-155.5,IGNEOUS:VOLCANIC:MAFIC,BASALT,51.64,2.09,0.39
366,64.797,-19.4688,IGNEOUS:VOLCANIC:MAFIC,BASALT,50.3,2.3,0.39
367,19.3572,-155.951,IGNEOUS:VOLCANIC:MAFIC,ALKALI BASALT,46.57,3.7,0.89
368,19.4192,-155.986,IGNEOUS:VOLCANIC:MAFIC,PICRITE,48.8,1.17,0.27
369,19.4183,-155.988,IGNEOUS:VOLCANIC:MAFIC,BASALT,51.71,2.42,0.38
370,19.3861,-156.017,IGNEOUS:VOLCANIC:MAFIC,PICRITE,48.47,1.61,0.28
371,18.6315,-155.774,IGNEOUS:VOLCANIC:MAFIC,PICRITE,49.23,1.71,0.28
372,18.6697,-155.74200000000002,IGNEOUS:VOLCANIC:MAFIC,BASALT,50.5,1.63,0.27
373,19.0333,-155.97799999999998,IGNEOUS:VOLCANIC:MAFIC,BASALT,51.32,1.93,0.45
374,19.51,-155.5,IGNEOUS:VOLCANIC:MAFIC,THOLEIITE,46.68,1.33,0.16
375,19.3,-155.5,IGNEOUS:VOLCANIC:MAFIC,BASALT,51.52,2.42,0.41
376,22.2668,-158.967,IGNEOUS:VOLCANIC:MAFIC,BASALT,52.64,2.73,0.63
377,22.2668,-158.967,IGNEOUS:VOLCANIC:MAFIC,BASALT,,,
378,22.2668,-158.967,IGNEOUS:VOLCANIC:MAFIC,BASALT,51.4,2.2,0.57
379,19.2028,-156.078,IGNEOUS:VOLCANIC:MAFIC,BASALT,50.99,2.17,0.31
380,18.6192,-155.775,IGNEOUS:VOLCANIC:MAFIC,BASALT,50.31,2.03,0.4
381,19.51,-155.5,IGNEOUS:VOLCANIC:MAFIC,THOLEIITE,45.01,0.75,0.13
382,18.62,-155.775,IGNEOUS:VOLCANIC:MAFIC,PICRITE,50.07,1.78,0.41
383,19.3,-155.5,IGNEOUS:VOLCANIC:MAFIC,BASALT,51.81,2.25,0.43
384,19.51,-155.5,IGNEOUS:VOLCANIC:MAFIC,THOLEIITE,47.31,1.96,0.55
385,19.51,-155.5,IGNEOUS:VOLCANIC:MAFIC,THOLEIITE,49.91,1.98,0.13
386,19.3516,-155.965,IGNEOUS:VOLCANIC:MAFIC,BASALT,51.01,2.19,0.38
387,19.4183,-155.988,IGNEOUS:VOLCANIC:MAFIC,BASALT,51.51,2.26,0.38
388,19.4537,-155.958,IGNEOUS:VOLCANIC:MAFIC,BASALT,47.43,3.01,0.6
389,19.51,-155.5,IGNEOUS:VOLCANIC:MAFIC,THOLEIITE,47.04,1.51,0.29
390,19.51,-155.5,IGNEOUS:VOLCANIC:MAFIC,THOLEIITE,47.58,1.09,0.09
391,64.0083,-21.3303,IGNEOUS:VOLCANIC:MAFIC,BASALT,48.85,1.37,0.05
392,19.3,-155.5,IGNEOUS:VOLCANIC:MAFIC,BASALT,50.51,2.03,0.31
393,18.8517,-155.683,IGNEOUS:VOLCANIC:MAFIC,PICRITE,49.76,2.26,0.3
394,19.51,-155.5,IGNEOUS:VOLCANIC:MAFIC,THOLEIITE,50.26,2.4,0.3
395,19.3,-155.5,IGNEOUS:VOLCANIC:MAFIC,BASALT,51.47,2.61,0.42
396,18.7572,-155.792,IGNEOUS:VOLCANIC:MAFIC,PICRITE,49.57,1.6,0.29
397,19.3,-155.5,IGNEOUS:VOLCANIC:MAFIC,BASALT,51.75,2.33,0.38
398,19.7408,-155.05,IGNEOUS:VOLCANIC:MAFIC,BASALT,,1.66,0.4
399,19.7408,-155.05,IGNEOUS:VOLCANIC:MAFIC,BASALT,,,
400,18.983,-155.917,IGNEOUS:VOLCANIC:MAFIC,BASALT,50.51,2.1,0.34
401,19.51,-155.5,IGNEOUS:VOLCANIC:MAFIC,THOLEIITE,46.69,1.63,0.25
402,19.3,-155.5,IGNEOUS:VOLCANIC:MAFIC,BASALT,51.76,2.0,0.38
403,19.51,-155.5,IGNEOUS:VOLCANIC:MAFIC,THOLEIITE,49.0,1.62,0.15
404,19.51,-155.5,IGNEOUS:VOLCANIC:MAFIC,THOLEIITE,45.43,1.17,0.09
405,18.6972,-155.77100000000002,IGNEOUS:VOLCANIC:MAFIC,PICRITE,47.9,1.61,0.24
406,18.8308,-155.694,IGNEOUS:VOLCANIC:MAFIC,BASALT,50.19,2.56,0.52
407,19.51,-155.5,IGNEOUS:VOLCANIC:MAFIC,THOLEIITE,50.37,2.35,0.37
408,19.0865,-156.145,IGNEOUS:VOLCANIC:MAFIC,PICRITE,46.73,1.21,0.16
409,64.0184,-20.6699,IGNEOUS:VOLCANIC:MAFIC,BASALT,48.8,1.97,0.13
410,19.36,-155.945,IGNEOUS:VOLCANIC:MAFIC,ALKALI BASALT,46.69,3.68,0.89
411,18.6897,-155.67,IGNEOUS:VOLCANIC:MAFIC,BASALT,50.77,1.73,0.32
412,18.7167,-155.841,IGNEOUS:VOLCANIC:MAFIC,BASALT,51.81,2.17,0.28
413,19.4342,-155.974,IGNEOUS:VOLCANIC:MAFIC,BASALT,51.36,2.16,0.33
414,19.3,-155.5,IGNEOUS:VOLCANIC:MAFIC,BASALT,51.75,2.31,0.42
415,19.7408,-155.05,IGNEOUS:VOLCANIC:MAFIC,BASALT,,1.53,0.33
416,19.7408,-155.05,IGNEOUS:VOLCANIC:MAFIC,BASALT,,,
417,19.51,-155.5,IGNEOUS:VOLCANIC:MAFIC,THOLEIITE,48.64,1.31,0.18
418,19.3,-155.5,IGNEOUS:VOLCANIC:MAFIC,BASALT,48.17,1.27,0.23
419,18.6725,-155.743,IGNEOUS:VOLCANIC:MAFIC,PICRITE,47.95,1.42,0.22
420,64.0372,-20.7883,IGNEOUS:VOLCANIC:MAFIC,BASALT,47.03,2.01,0.31
421,63.9803,-20.7148,IGNEOUS:VOLCANIC:MAFIC,BASALT,48.9,2.11,0.17
422,19.51,-155.5,IGNEOUS:VOLCANIC:MAFIC,THOLEIITE,47.27,1.82,0.08
423,19.3,-155.5,IGNEOUS:VOLCANIC:MAFIC,BASALT,51.7,2.28,0.48
424,19.3,-155.5,IGNEOUS:VOLCANIC:MAFIC,BASALT,51.73,2.17,0.38
425,19.51,-155.5,IGNEOUS:VOLCANIC:MAFIC,THOLEIITE,47.14,1.45,0.24
426,19.51,-155.5,IGNEOUS:VOLCANIC:MAFIC,THOLEIITE,47.78,1.93,0.31
427,19.3,-155.5,IGNEOUS:VOLCANIC:MAFIC,BASALT,51.43,2.39,0.38
428,19.4182,-155.991,IGNEOUS:VOLCANIC:MAFIC,BASALT,51.61,2.35,0.38
429,18.8333,-155.733,IGNEOUS:VOLCANIC:MAFIC,PICRITE,49.61,1.94,0.28
430,19.3,-155.5,IGNEOUS:VOLCANIC:MAFIC,BASALT,50.37,1.91,0.37
431,19.3,-155.5,IGNEOUS:VOLCANIC:MAFIC,BASALT,50.62,2.57,0.34
432,19.51,-155.5,IGNEOUS:VOLCANIC:MAFIC,THOLEIITE,47.38,1.72,0.36
433,19.51,-155.5,IGNEOUS:VOLCANIC:MAFIC,THOLEIITE,48.97,1.61,0.25
434,19.51,-155.5,IGNEOUS:VOLCANIC:MAFIC,THOLEIITE,49.62,1.91,0.31
435,64.4815,-20.4269,IGNEOUS:VOLCANIC:MAFIC,BASALT,48.18,1.88,0.17
436,18.6747,-155.684,IGNEOUS:VOLCANIC:MAFIC,PICRITE,45.77,1.0,0.18
437,64.5373,-20.3327,IGNEOUS:VOLCANIC:MAFIC,BASALT,48.61,1.35,0.08
438,19.51,-155.5,IGNEOUS:VOLCANIC:MAFIC,THOLEIITE,45.25,1.14,0.09
439,22.0185,-158.905,IGNEOUS:VOLCANIC:MAFIC,BASALT,,,
440,22.0185,-158.905,IGNEOUS:VOLCANIC:MAFIC,BASALT,50.41,2.29,0.49
441,19.3,-155.5,IGNEOUS:VOLCANIC:MAFIC,BASALT,51.36,2.07,0.39
442,19.7408,-155.05,IGNEOUS:VOLCANIC:MAFIC,THOLEIITE,48.17,1.85,0.2
443,19.51,-155.5,IGNEOUS:VOLCANIC:MAFIC,THOLEIITE,47.52,1.34,0.15
444,19.51,-155.5,IGNEOUS:VOLCANIC:MAFIC,THOLEIITE,46.54,2.3,0.25
445,21.6443,-159.043,IGNEOUS:VOLCANIC:MAFIC,BASALT,,,
446,21.6443,-159.043,IGNEOUS:VOLCANIC:MAFIC,BASALT,49.17,2.27,0.48
447,19.1592,-155.967,IGNEOUS:VOLCANIC:MAFIC,BASALT,51.49,2.43,0.42
448,19.51,-155.5,IGNEOUS:VOLCANIC:MAFIC,THOLEIITE,50.66,1.86,0.2
449,19.3,-155.5,IGNEOUS:VOLCANIC:MAFIC,BASALT,50.91,2.21,0.4
450,19.3,-155.5,IGNEOUS:VOLCANIC:MAFIC,BASALT,51.34,2.12,0.44
451,19.3,-155.5,IGNEOUS:VOLCANIC:MAFIC,BASALT,51.89,2.01,0.43
452,19.51,-155.5,IGNEOUS:VOLCANIC:MAFIC,THOLEIITE,49.32,2.01,0.29
453,19.374000000000002,-155.934,IGNEOUS:VOLCANIC:MAFIC,ALKALI BASALT,46.35,3.86,0.88
454,64.0186,-21.2802,IGNEOUS:VOLCANIC:MAFIC,BASALT,48.66,1.94,0.16
455,19.51,-155.5,IGNEOUS:VOLCANIC:MAFIC,THOLEIITE,50.03,2.13,0.38
456,19.51,-155.5,IGNEOUS:VOLCANIC:MAFIC,THOLEIITE,46.38,1.7,0.26
457,19.374000000000002,-155.936,IGNEOUS:VOLCANIC:MAFIC,ALKALI BASALT,46.5,3.79,0.84
458,19.51,-155.5,IGNEOUS:VOLCANIC:MAFIC,THOLEIITE,47.3,1.72,0.35
459,18.9105,-155.99,IGNEOUS:VOLCANIC:MAFIC,BASALT,51.04,2.34,0.36
460,18.823,-155.717,IGNEOUS:VOLCANIC:MAFIC,PICRITE,48.12,1.39,0.28
461,19.4665,-155.987,IGNEOUS:VOLCANIC:MAFIC,BASALT,51.76,1.94,0.36
462,63.912,-21.4702,IGNEOUS:VOLCANIC:MAFIC,BASALT,49.33,1.36,0.01
463,19.3,-155.5,IGNEOUS:VOLCANIC:MAFIC,BASALT,50.56,2.04,0.39
464,19.3,-155.5,IGNEOUS:VOLCANIC:MAFIC,BASALT,52.31,2.32,0.46
465,18.62,-155.775,IGNEOUS:VOLCANIC:MAFIC,PICRITE,49.63,1.8,0.32
466,18.7572,-155.792,IGNEOUS:VOLCANIC:MAFIC,PICRITE,47.55,1.24,0.2
467,19.3,-155.5,IGNEOUS:VOLCANIC:MAFIC,BASALT,51.76,2.33,0.39
468,19.3,-155.5,IGNEOUS:VOLCANIC:MAFIC,BASALT,51.54,1.98,0.34
469,21.7568,-159.006,IGNEOUS:VOLCANIC:MAFIC,BASALT,49.63,2.54,0.97
470,19.51,-155.5,IGNEOUS:VOLCANIC:MAFIC,THOLEIITE,49.43,1.9,0.3
471,19.51,-155.5,IGNEOUS:VOLCANIC:MAFIC,THOLEIITE,50.05,2.28,0.52
472,19.51,-155.5,IGNEOUS:VOLCANIC:MAFIC,THOLEIITE,45.79,2.21,0.78
473,19.51,-155.5,IGNEOUS:VOLCANIC:MAFIC,THOLEIITE,47.36,1.67,0.25
474,19.51,-155.5,IGNEOUS:VOLCANIC:MAFIC,THOLEIITE,47.79,1.92,0.18
475,18.66,-155.737,IGNEOUS:VOLCANIC:MAFIC,BASALT,50.31,1.92,0.28
476,18.8227,-155.72,IGNEOUS:VOLCANIC:MAFIC,PICRITE,48.78,1.6,0.27
477,19.3,-155.5,IGNEOUS:VOLCANIC:MAFIC,BASALT,49.99,1.89,0.3
478,19.3,-155.5,IGNEOUS:VOLCANIC:MAFIC,BASALT,50.47,2.08,0.38
479,19.51,-155.5,IGNEOUS:VOLCANIC:MAFIC,THOLEIITE,46.99,1.79,0.28
480,19.1055,-156.321,IGNEOUS:VOLCANIC:MAFIC,BASALT,50.82,2.11,0.33
481,18.8517,-155.67,IGNEOUS:VOLCANIC:MAFIC,PICRITE,49.34,2.14,0.26
482,19.51,-155.5,IGNEOUS:VOLCANIC:MAFIC,THOLEIITE,46.69,1.42,0.3
483,19.51,-155.5,IGNEOUS:VOLCANIC:MAFIC,THOLEIITE,48.01,1.88,0.34
484,19.3,-155.5,IGNEOUS:VOLCANIC:MAFIC,BASALT,49.68,1.86,0.36
485,63.995,-20.6522,IGNEOUS:VOLCANIC:MAFIC,BASALT,48.28,1.66,0.12
486,19.3,-155.5,IGNEOUS:VOLCANIC:MAFIC,BASALT,51.58,2.29,0.39
487,18.8305,-155.695,IGNEOUS:VOLCANIC:MAFIC,BASALT,50.14,2.72,0.52
488,64.3891,-21.2219,IGNEOUS:VOLCANIC:MAFIC,BASALT,48.45,1.52,0.24
489,19.7408,-155.05,IGNEOUS:VOLCANIC:MAFIC,BASALT,,,
490,19.3,-155.5,IGNEOUS:VOLCANIC:MAFIC,BASALT,51.65,2.03,0.37
491,18.942,-155.887,IGNEOUS:VOLCANIC:MAFIC,BASALT,51.6,2.37,0.35
492,19.51,-155.5,IGNEOUS:VOLCANIC:MAFIC,THOLEIITE,47.57,1.83,0.12
493,19.3,-155.5,IGNEOUS:VOLCANIC:MAFIC,BASALT,50.86,2.14,0.37
494,19.3,-155.5,IGNEOUS:VOLCANIC:MAFIC,BASALT,46.95,1.48,0.25
495,19.51,-155.5,IGNEOUS:VOLCANIC:MAFIC,THOLEIITE,49.95,2.54,0.35
496,19.3,-155.5,IGNEOUS:VOLCANIC:MAFIC,BASALT,51.84,2.4,0.35
497,19.4623,-155.958,IGNEOUS:VOLCANIC:MAFIC,BASALT,52.06,2.16,0.36
498,19.3,-155.5,IGNEOUS:VOLCANIC:MAFIC,BASALT,51.54,2.17,0.35
499,19.3,-155.5,IGNEOUS:VOLCANIC:MAFIC,BASALT,50.48,2.1,0.35
500,18.8069,-155.85,IGNEOUS:VOLCANIC:MAFIC,PICRITE,47.99,1.52,0.23
501,19.3,-155.5,IGNEOUS:VOLCANIC:MAFIC,BASALT,51.55,2.08,0.37
502,19.3,-155.5,IGNEOUS:VOLCANIC:MAFIC,BASALT,51.38,2.19,0.36
503,19.3,-155.5,IGNEOUS:VOLCANIC:MAFIC,BASALT,51.67,2.06,0.36
504,19.51,-155.5,IGNEOUS:VOLCANIC:MAFIC,THOLEIITE,50.86,1.76,0.37
505,19.3,-155.5,IGNEOUS:VOLCANIC:MAFIC,BASALT,51.39,2.09,0.37
506,19.3,-155.5,IGNEOUS:VOLCANIC:MAFIC,BASALT,51.09,2.33,0.35
507,19.7408,-155.05,IGNEOUS:VOLCANIC:MAFIC,THOLEIITE,48.47,1.79,0.2
508,21.6338,-159.041,IGNEOUS:VOLCANIC:MAFIC,BASALT,44.75,3.78,1.32
509,21.6338,-159.041,IGNEOUS:VOLCANIC:MAFIC,BASALT,,,2.05
510,21.6338,-159.041,IGNEOUS:VOLCANIC:MAFIC,BASALT,45.27,3.16,2.1
511,19.3,-155.5,IGNEOUS:VOLCANIC:MAFIC,BASALT,51.73,2.17,0.37
512,18.942,-155.887,IGNEOUS:VOLCANIC:MAFIC,BASALT,51.38,2.38,0.42
513,19.3,-155.5,IGNEOUS:VOLCANIC:MAFIC,BASALT,50.05,1.89,0.28
514,19.51,-155.5,IGNEOUS:VOLCANIC:MAFIC,THOLEIITE,51.49,1.4,0.32
515,19.51,-155.5,IGNEOUS:VOLCANIC:MAFIC,THOLEIITE,45.87,1.24,0.15
516,19.51,-155.5,IGNEOUS:VOLCANIC:MAFIC,THOLEIITE,50.67,2.1,0.37
517,64.797,-19.4688,IGNEOUS:VOLCANIC:MAFIC,BASALT,49.7,2.61,0.5
518,64.5349,-20.8079,IGNEOUS:VOLCANIC:MAFIC,BASALT,48.61,1.29,0.02
519,18.8227,-155.715,IGNEOUS:VOLCANIC:MAFIC,BASALT,51.47,2.34,0.37
520,18.6192,-155.775,IGNEOUS:VOLCANIC:MAFIC,PICRITE,49.21,1.74,0.27
521,18.8517,-155.664,IGNEOUS:VOLCANIC:MAFIC,BASALT,51.53,2.63,0.36
522,19.51,-155.5,IGNEOUS:VOLCANIC:MAFIC,THOLEIITE,46.97,1.6,0.23
523,63.9993,-20.6902,IGNEOUS:VOLCANIC:MAFIC,BASALT,48.76,1.66,0.14
524,19.51,-155.5,IGNEOUS:VOLCANIC:MAFIC,THOLEIITE,46.82,1.68,0.11
525,19.3,-155.5,IGNEOUS:VOLCANIC:MAFIC,BASALT,51.39,2.45,0.36
526,64.5356,-20.9428,IGNEOUS:VOLCANIC:MAFIC,BASALT,48.99,1.28,0.35
527,64.1,-21.8,IGNEOUS:VOLCANIC:MAFIC,THOLEIITE,47.35,1.91,0.017
528,18.8167,-156.056,IGNEOUS:VOLCANIC:MAFIC,PICRITE,49.44,1.79,0.26
529,18.649,-155.764,IGNEOUS:VOLCANIC:MAFIC,PICRITE,47.95,1.51,0.22
530,18.6808,-155.688,IGNEOUS:VOLCANIC:MAFIC,PICRITE,46.62,1.15,0.16
531,19.7408,-155.05,IGNEOUS:VOLCANIC:MAFIC,BASALT,,1.63,0.37
532,19.7408,-155.05,IGNEOUS:VOLCANIC:MAFIC,BASALT,,,
533,19.4245,-156.135,IGNEOUS:VOLCANIC:MAFIC,BASALT,50.42,1.93,0.33
534,18.6783,-155.686,IGNEOUS:VOLCANIC:MAFIC,PICRITE,46.65,1.35,0.19
535,19.7408,-155.05,IGNEOUS:VOLCANIC:MAFIC,BASALT,,1.52,0.27
536,19.7408,-155.05,IGNEOUS:VOLCANIC:MAFIC,BASALT,,,
537,19.51,-155.5,IGNEOUS:VOLCANIC:MAFIC,THOLEIITE,47.4,1.47,0.19
538,19.3612,-156.062,IGNEOUS:VOLCANIC:MAFIC,PICRITE,48.83,1.77,0.26
539,19.7408,-155.05,IGNEOUS:VOLCANIC:MAFIC,BASALT,,1.39,0.31
540,19.7408,-155.05,IGNEOUS:VOLCANIC:MAFIC,BASALT,,,
541,19.51,-155.5,IGNEOUS:VOLCANIC:MAFIC,THOLEIITE,45.73,1.25,0.24
542,64.464,-20.5924,IGNEOUS:VOLCANIC:MAFIC,BASALT,48.21,1.88,0.16
543,64.7606,-20.5213,IGNEOUS:VOLCANIC:MAFIC,BASALT,49.98,1.42,0.06
544,21.9683,-158.893,IGNEOUS:VOLCANIC:MAFIC,BASALT,51.11,2.76,1.02
545,21.9683,-158.893,IGNEOUS:VOLCANIC:MAFIC,BASALT,48.34,2.46,0.83
546,18.879,-155.69299999999998,IGNEOUS:VOLCANIC:MAFIC,PICRITE,49.2,2.19,0.26
547,64.0147,-20.6868,IGNEOUS:VOLCANIC:MAFIC,BASALT,47.66,1.9,0.13
548,21.7403,-159.012,IGNEOUS:VOLCANIC:MAFIC,BASALT,53.73,1.89,0.22
549,21.7551,-158.99200000000002,IGNEOUS:VOLCANIC:MAFIC,BASALT,54.33,2.31,0.32
550,21.7551,-158.99200000000002,IGNEOUS:VOLCANIC:MAFIC,BASALT,,,
551,21.7551,-158.99200000000002,IGNEOUS:VOLCANIC:MAFIC,BASALT,51.32,1.94,0.28
552,19.51,-155.5,IGNEOUS:VOLCANIC:MAFIC,THOLEIITE,49.81,2.27,0.43
553,21.7683,-158.96200000000002,IGNEOUS:VOLCANIC:MAFIC,BASALT,50.56,2.26,0.76
554,19.7408,-155.05,IGNEOUS:VOLCANIC:MAFIC,BASALT,46.69,1.64,0.22
555,18.7625,-155.715,IGNEOUS:VOLCANIC:MAFIC,BASALT,50.36,2.26,0.42
556,19.51,-155.5,IGNEOUS:VOLCANIC:MAFIC,THOLEIITE,47.99,1.54,0.18
557,19.3738,-155.935,IGNEOUS:VOLCANIC:MAFIC,ALKALI BASALT,46.55,3.86,0.88
558,19.51,-155.5,IGNEOUS:VOLCANIC:MAFIC,THOLEIITE,50.78,1.64,0.3
559,19.3,-155.5,IGNEOUS:VOLCANIC:MAFIC,BASALT,51.08,1.97,0.29
560,19.51,-155.5,IGNEOUS:VOLCANIC:MAFIC,THOLEIITE,45.21,1.0,0.08
561,19.3,-155.5,IGNEOUS:VOLCANIC:MAFIC,BASALT,51.55,2.35,0.4
562,19.3545,-155.983,IGNEOUS:VOLCANIC:MAFIC,BASALT,50.25,1.95,0.31
563,64.4815,-20.4269,IGNEOUS:VOLCANIC:MAFIC,BASALT,48.54,1.82,0.17
564,19.3,-155.5,IGNEOUS:VOLCANIC:MAFIC,BASALT,51.36,2.21,0.45
565,19.3,-155.5,IGNEOUS:VOLCANIC:MAFIC,BASALT,51.35,2.46,0.4
566,19.6,-155.97,IGNEOUS:VOLCANIC:MAFIC,BASALT,45.75,2.76,0.86
567,19.51,-155.5,IGNEOUS:VOLCANIC:MAFIC,THOLEIITE,47.5,2.17,0.17
568,18.6245,-155.781,IGNEOUS:VOLCANIC:MAFIC,PICRITE,48.86,1.81,0.27
569,19.51,-155.5,IGNEOUS:VOLCANIC:MAFIC,THOLEIITE,45.23,0.92,0.14
570,21.7531,-159.012,IGNEOUS:VOLCANIC:MAFIC,BASALT,49.77,1.39,0.35
571,64.797,-19.4688,IGNEOUS:VOLCANIC:MAFIC,BASALT,49.4,2.53,0.4
572,64.4936,-20.7753,IGNEOUS:VOLCANIC:MAFIC,BASALT,48.4,2.15,0.2
573,64.4936,-20.7753,IGNEOUS:VOLCANIC:MAFIC,BASALT,48.2,1.66,0.16
574,21.6407,-159.041,IGNEOUS:VOLCANIC:MAFIC,BASALT,,,0.49
575,21.6407,-159.041,IGNEOUS:VOLCANIC:MAFIC,BASALT,,,
576,21.6407,-159.041,IGNEOUS:VOLCANIC:MAFIC,BASALT,50.55,2.19,0.46
577,19.51,-155.5,IGNEOUS:VOLCANIC:MAFIC,THOLEIITE,50.4,2.4,0.28
578,19.179000000000002,-155.97899999999998,IGNEOUS:VOLCANIC:MAFIC,BASALT,49.54,1.8,0.28
579,18.6192,-155.775,IGNEOUS:VOLCANIC:MAFIC,PICRITE,49.27,1.73,0.23
580,64.4202,-20.5342,IGNEOUS:VOLCANIC:MAFIC,BASALT,49.89,1.54,0.18
581,21.7331,-158.999,IGNEOUS:VOLCANIC:MAFIC,BASALT,50.98,2.13,0.46
582,19.374000000000002,-155.936,IGNEOUS:VOLCANIC:MAFIC,ALKALI BASALT,46.68,3.52,0.88
583,19.51,-155.5,IGNEOUS:VOLCANIC:MAFIC,THOLEIITE,48.1,1.91,0.26
584,19.3,-155.5,IGNEOUS:VOLCANIC:MAFIC,BASALT,51.64,2.21,0.33
585,18.6407,-155.767,IGNEOUS:VOLCANIC:MAFIC,PICRITE,47.59,1.51,0.22
586,19.51,-155.5,IGNEOUS:VOLCANIC:MAFIC,THOLEIITE,50.73,2.13,0.36
587,18.6623,-155.74,IGNEOUS:VOLCANIC:MAFIC,BASALT,50.28,1.53,0.28
588,18.8069,-155.85,IGNEOUS:VOLCANIC:MAFIC,PICRITE,48.79,1.73,0.3
589,19.3,-155.5,IGNEOUS:VOLCANIC:MAFIC,BASALT,51.63,2.17,0.37
590,19.3,-155.5,IGNEOUS:VOLCANIC:MAFIC,BASALT,51.49,2.35,0.38
591,19.3,-155.5,IGNEOUS:VOLCANIC:MAFIC,BASALT,48.68,1.7,0.34
592,19.51,-155.5,IGNEOUS:VOLCANIC:MAFIC,THOLEIITE,46.01,1.1,0.17
593,19.51,-155.5,IGNEOUS:VOLCANIC:MAFIC,THOLEIITE,48.52,2.0,0.3
594,19.3,-155.5,IGNEOUS:VOLCANIC:MAFIC,BASALT,51.34,2.18,0.36
595,64.7233,-19.7777,IGNEOUS:VOLCANIC:MAFIC,BASALT,48.47,1.66,0.14
596,19.3,-155.5,IGNEOUS:VOLCANIC:MAFIC,BASALT,51.38,2.32,0.44
597,19.51,-155.5,IGNEOUS:VOLCANIC:MAFIC,THOLEIITE,45.62,1.25,0.1
598,19.3,-155.5,IGNEOUS:VOLCANIC:MAFIC,BASALT,51.38,2.53,0.38
599,18.62,-155.775,IGNEOUS:VOLCANIC:MAFIC,PICRITE,49.72,1.99,0.32
600,18.8829,-155.722,IGNEOUS:VOLCANIC:MAFIC,PICRITE,48.36,1.94,0.27
601,19.3,-155.5,IGNEOUS:VOLCANIC:MAFIC,BASALT,51.26,2.39,0.35
602,19.51,-155.5,IGNEOUS:VOLCANIC:MAFIC,THOLEIITE,47.09,1.45,0.27
603,18.8167,-156.056,IGNEOUS:VOLCANIC:MAFIC,BASALT,51.75,2.25,0.31
604,19.3547,-155.955,IGNEOUS:VOLCANIC:MAFIC,BASALT,51.7,2.16,0.42
605,19.3,-155.5,IGNEOUS:VOLCANIC:MAFIC,BASALT,51.0,2.85,0.34
606,18.983,-155.917,IGNEOUS:VOLCANIC:MAFIC,BASALT,49.69,2.19,0.32
607,18.8167,-156.056,IGNEOUS:VOLCANIC:MAFIC,PICRITE,47.46,1.48,0.19
608,21.7568,-159.007,IGNEOUS:VOLCANIC:MAFIC,BASALT,51.61,3.19,1.06
609,21.7568,-159.007,IGNEOUS:VOLCANIC:MAFIC,BASALT,,,
610,21.7568,-159.007,IGNEOUS:VOLCANIC:MAFIC,BASALT,50.03,2.87,0.95
611,19.3,-155.5,IGNEOUS:VOLCANIC:MAFIC,BASALT,51.78,2.27,0.44
612,64.7538,-20.4771,IGNEOUS:VOLCANIC:MAFIC,BASALT,49.79,1.41,0.06
613,19.3,-155.5,IGNEOUS:VOLCANIC:MAFIC,BASALT,51.76,2.01,0.49
614,18.6953,-155.736,IGNEOUS:VOLCANIC:MAFIC,BASALT,50.4,2.14,0.31
615,18.66,-155.737,IGNEOUS:VOLCANIC:MAFIC,BASALT,50.29,1.91,0.28
616,18.6832,-155.7,IGNEOUS:VOLCANIC:MAFIC,PICRITE,47.14,1.26,0.2
617,18.8233,-155.711,IGNEOUS:VOLCANIC:MAFIC,BASALT,50.53,1.87,0.31
618,19.3552,-155.954,IGNEOUS:VOLCANIC:MAFIC,ALKALI BASALT,46.5,3.57,0.9
619,21.7557,-159.014,IGNEOUS:VOLCANIC:MAFIC,BASALT,51.13,2.05,0.46
620,18.8516,-155.696,IGNEOUS:VOLCANIC:MAFIC,PICRITE,48.68,2.12,0.26
621,19.7408,-155.05,IGNEOUS:VOLCANIC:MAFIC,BASALT,,1.44,0.5
622,19.7408,-155.05,IGNEOUS:VOLCANIC:MAFIC,BASALT,,,
623,19.3,-155.5,IGNEOUS:VOLCANIC:MAFIC,BASALT,51.65,2.13,0.36
624,19.3,-155.5,IGNEOUS:VOLCANIC:MAFIC,BASALT,52.04,2.49,0.49
625,18.6976,-155.77200000000002,IGNEOUS:VOLCANIC:MAFIC,BASALT,50.09,1.99,0.38
626,19.3,-155.5,IGNEOUS:VOLCANIC:MAFIC,BASALT,47.51,1.37,0.26
627,19.51,-155.5,IGNEOUS:VOLCANIC:MAFIC,THOLEIITE,47.27,1.46,0.27
628,18.6223,-155.781,IGNEOUS:VOLCANIC:MAFIC,PICRITE,49.69,1.87,0.26
629,19.51,-155.5,IGNEOUS:VOLCANIC:MAFIC,THOLEIITE,47.43,1.45,0.18
630,19.3,-155.5,IGNEOUS:VOLCANIC:MAFIC,BASALT,51.82,2.41,0.46
631,19.7408,-155.05,IGNEOUS:VOLCANIC:MAFIC,BASALT,,,
632,19.3,-155.5,IGNEOUS:VOLCANIC:MAFIC,BASALT,51.31,1.98,0.32
633,19.1055,-156.321,IGNEOUS:VOLCANIC:MAFIC,PICRITE,48.91,1.85,0.29
634,19.51,-155.5,IGNEOUS:VOLCANIC:MAFIC,THOLEIITE,46.63,1.69,0.18
635,19.3,-155.5,IGNEOUS:VOLCANIC:MAFIC,BASALT,50.35,2.39,0.33
636,19.3,-155.5,IGNEOUS:VOLCANIC:MAFIC,BASALT,51.54,2.19,0.39
637,19.3,-155.5,IGNEOUS:VOLCANIC:MAFIC,BASALT,51.75,2.4,0.42
638,19.51,-155.5,IGNEOUS:VOLCANIC:MAFIC,THOLEIITE,47.07,1.39,0.1
639,19.3,-155.5,IGNEOUS:VOLCANIC:MAFIC,BASALT,50.73,2.06,0.38
640,63.85,-22.7,IGNEOUS:VOLCANIC:MAFIC,BASALT,,,
641,18.8518,-155.644,IGNEOUS:VOLCANIC:MAFIC,PICRITE,49.03,2.14,0.29
642,19.3,-155.5,IGNEOUS:VOLCANIC:MAFIC,BASALT,48.98,1.9,0.28
643,18.7688,-155.715,IGNEOUS:VOLCANIC:MAFIC,BASALT,50.92,2.26,0.33
644,19.51,-155.5,IGNEOUS:VOLCANIC:MAFIC,THOLEIITE,46.82,1.54,0.19
645,19.3,-155.5,IGNEOUS:VOLCANIC:MAFIC,BASALT,51.69,2.36,0.43
646,19.51,-155.5,IGNEOUS:VOLCANIC:MAFIC,THOLEIITE,49.34,1.94,0.27
647,19.3,-155.5,IGNEOUS:VOLCANIC:MAFIC,BASALT,51.78,2.54,0.46
648,19.3,-155.5,IGNEOUS:VOLCANIC:MAFIC,BASALT,50.74,2.01,0.34
649,19.51,-155.5,IGNEOUS:VOLCANIC:MAFIC,THOLEIITE,50.65,2.41,0.46
650,64.4257,-20.5733,IGNEOUS:VOLCANIC:MAFIC,BASALT,48.3,1.6,0.1
651,19.51,-155.5,IGNEOUS:VOLCANIC:MAFIC,THOLEIITE,47.56,2.06,0.14
652,18.8527,-155.92600000000002,IGNEOUS:VOLCANIC:MAFIC,BASALT,51.54,2.37,0.42
653,19.3,-155.5,IGNEOUS:VOLCANIC:MAFIC,BASALT,50.95,2.08,0.47
654,21.7687,-158.961,IGNEOUS:VOLCANIC:MAFIC,BASALT,49.96,2.16,0.85
655,19.3612,-156.062,IGNEOUS:VOLCANIC:MAFIC,PICRITE,49.17,1.75,0.27
656,19.51,-155.5,IGNEOUS:VOLCANIC:MAFIC,THOLEIITE,46.59,1.47,0.27
657,18.7646,-155.715,IGNEOUS:VOLCANIC:MAFIC,BASALT,50.24,2.23,0.4
658,19.7408,-155.05,IGNEOUS:VOLCANIC:MAFIC,THOLEIITE,45.33,1.29,0.1
659,18.8802,-155.69799999999998,IGNEOUS:VOLCANIC:MAFIC,PICRITE,48.07,1.89,0.25
660,19.3545,-155.955,IGNEOUS:VOLCANIC:MAFIC,BASALT,51.57,2.14,0.41
661,19.51,-155.5,IGNEOUS:VOLCANIC:MAFIC,THOLEIITE,50.77,2.02,0.26
662,19.3,-155.5,IGNEOUS:VOLCANIC:MAFIC,BASALT,51.35,2.39,0.41
663,18.8285,-155.69899999999998,IGNEOUS:VOLCANIC:MAFIC,PICRITE,49.83,1.81,0.37
664,21.7562,-159.003,IGNEOUS:VOLCANIC:MAFIC,BASALT,50.65,1.97,0.49
665,64.0166,-20.6826,IGNEOUS:VOLCANIC:MAFIC,BASALT,48.6,2.3,0.16
666,18.95,-155.983,IGNEOUS:VOLCANIC:MAFIC,BASALT,51.78,2.41,0.37
667,19.51,-155.5,IGNEOUS:VOLCANIC:MAFIC,THOLEIITE,50.02,2.19,0.41
668,19.7408,-155.05,IGNEOUS:VOLCANIC:MAFIC,BASALT,,,
669,22.0022,-158.898,IGNEOUS:VOLCANIC:MAFIC,BASALT,49.73,2.28,0.56
670,19.51,-155.5,IGNEOUS:VOLCANIC:MAFIC,THOLEIITE,49.91,1.98,0.13
671,64.2766,-20.8995,IGNEOUS:VOLCANIC:MAFIC,BASALT,48.4,1.83,0.14
672,19.75,-155.93,IGNEOUS:VOLCANIC:MAFIC,BASALT,,,
673,18.8829,-155.716,IGNEOUS:VOLCANIC:MAFIC,BASALT,49.88,2.21,0.42
674,18.666,-155.744,IGNEOUS:VOLCANIC:MAFIC,BASALT,50.07,1.98,0.27
675,19.51,-155.5,IGNEOUS:VOLCANIC:MAFIC,THOLEIITE,49.53,1.61,0.3
676,19.352,-155.97,IGNEOUS:VOLCANIC:MAFIC,BASALT,50.94,2.31,0.37
677,19.51,-155.5,IGNEOUS:VOLCANIC:MAFIC,THOLEIITE,49.02,2.05,0.37
678,21.9875,-158.901,IGNEOUS:VOLCANIC:MAFIC,BASALT,50.52,2.95,1.05
679,21.9875,-158.901,IGNEOUS:VOLCANIC:MAFIC,BASALT,49.41,2.63,0.94
680,19.3,-155.5,IGNEOUS:VOLCANIC:MAFIC,BASALT,51.58,2.2,0.39
681,19.3,-155.5,IGNEOUS:VOLCANIC:MAFIC,BASALT,51.39,2.17,0.31
682,19.1573,-155.966,IGNEOUS:VOLCANIC:MAFIC,BASALT,51.71,2.16,0.43
683,19.51,-155.5,IGNEOUS:VOLCANIC:MAFIC,THOLEIITE,45.86,1.36,0.24
684,19.3,-155.5,IGNEOUS:VOLCANIC:MAFIC,BASALT,51.67,2.32,0.43
685,19.3,-155.5,IGNEOUS:VOLCANIC:MAFIC,BASALT,50.37,1.88,0.39
686,64.2122,-20.9256,IGNEOUS:VOLCANIC:MAFIC,BASALT,47.68,1.91,0.16
687,19.3,-155.5,IGNEOUS:VOLCANIC:MAFIC,BASALT,51.09,2.42,0.38
688,19.3,-155.5,IGNEOUS:VOLCANIC:MAFIC,BASALT,51.95,2.03,0.33
689,18.6457,-155.765,IGNEOUS:VOLCANIC:MAFIC,BASALT,50.94,1.88,0.32
690,19.3,-155.5,IGNEOUS:VOLCANIC:MAFIC,BASALT,51.98,2.35,0.46
691,19.7408,-155.05,IGNEOUS:VOLCANIC:MAFIC,THOLEIITE,48.97,1.83,0.25
692,19.451,-155.95,IGNEOUS:VOLCANIC:MAFIC,BASALT,47.08,3.04,0.61
693,19.3,-155.5,IGNEOUS:VOLCANIC:MAFIC,BASALT,51.35,2.17,0.34
694,64.3293,-20.5667,IGNEOUS:VOLCANIC:MAFIC,BASALT,49.03,1.3,0.24
695,18.6303,-155.775,IGNEOUS:VOLCANIC:MAFIC,PICRITE,48.99,1.89,0.27
696,19.3,-155.5,IGNEOUS:VOLCANIC:MAFIC,BASALT,51.52,2.1,0.45
697,19.7408,-155.05,IGNEOUS:VOLCANIC:MAFIC,BASALT,,1.37,0.4
698,19.7408,-155.05,IGNEOUS:VOLCANIC:MAFIC,BASALT,,,
699,19.3,-155.5,IGNEOUS:VOLCANIC:MAFIC,BASALT,48.21,2.43,0.49
700,18.8227,-155.719,IGNEOUS:VOLCANIC:MAFIC,PICRITE,48.79,1.6,0.25
701,18.6655,-155.744,IGNEOUS:VOLCANIC:MAFIC,BASALT,50.37,1.98,0.27
702,19.51,-155.5,IGNEOUS:VOLCANIC:MAFIC,THOLEIITE,48.32,1.67,0.38
703,64.7689,-19.5,IGNEOUS:VOLCANIC:MAFIC,BASALT,46.8,2.12,0.13
704,64.7689,-19.5,IGNEOUS:VOLCANIC:MAFIC,BASALT,47.72,1.53,0.09
705,18.8233,-155.711,IGNEOUS:VOLCANIC:MAFIC,BASALT,51.45,2.06,0.38
706,19.3,-155.5,IGNEOUS:VOLCANIC:MAFIC,BASALT,51.89,2.35,0.4
707,19.4222,-155.99200000000002,IGNEOUS:VOLCANIC:MAFIC,BASALT,51.61,2.23,0.38
708,19.3,-155.5,IGNEOUS:VOLCANIC:MAFIC,BASALT,50.82,2.07,0.42
709,18.8225,-155.715,IGNEOUS:VOLCANIC:MAFIC,BASALT,51.64,2.16,0.41
710,64.7207,-19.7152,IGNEOUS:VOLCANIC:MAFIC,BASALT,48.97,1.59,0.13
711,19.3,-155.5,IGNEOUS:VOLCANIC:MAFIC,BASALT,51.72,2.26,0.47
712,18.8333,-155.733,IGNEOUS:VOLCANIC:MAFIC,PICRITE,48.15,2.06,0.36
713,19.3,-155.5,IGNEOUS:VOLCANIC:MAFIC,BASALT,52.16,2.35,0.44
714,18.6563,-155.8,IGNEOUS:VOLCANIC:MAFIC,PICRITE,49.63,1.65,0.4
715,64.4815,-20.4269,IGNEOUS:VOLCANIC:MAFIC,BASALT,48.8,2.06,0.21
716,19.51,-155.5,IGNEOUS:VOLCANIC:MAFIC,THOLEIITE,50.13,2.15,0.39
717,19.7408,-155.05,IGNEOUS:VOLCANIC:MAFIC,THOLEIITE,47.09,1.71,0.14
718,19.3,-155.5,IGNEOUS:VOLCANIC:MAFIC,BASALT,51.39,2.26,0.38
719,19.3,-155.5,IGNEOUS:VOLCANIC:MAFIC,BASALT,51.83,2.39,0.37
720,19.1055,-156.321,IGNEOUS:VOLCANIC:MAFIC,BASALT,51.3,2.13,0.39
721,19.1055,-156.321,IGNEOUS:VOLCANIC:MAFIC,BASALT,46.96,1.52,0.32
722,19.3,-155.5,IGNEOUS:VOLCANIC:MAFIC,BASALT,51.75,2.35,0.38
723,19.51,-155.5,IGNEOUS:VOLCANIC:MAFIC,THOLEIITE,46.8,1.93,0.13
724,19.51,-155.5,IGNEOUS:VOLCANIC:MAFIC,THOLEIITE,46.41,1.9,0.26
725,22.0019,-158.899,IGNEOUS:VOLCANIC:MAFIC,BASALT,52.08,2.7,0.6
726,22.0019,-158.899,IGNEOUS:VOLCANIC:MAFIC,BASALT,,,
727,22.0019,-158.899,IGNEOUS:VOLCANIC:MAFIC,BASALT,49.95,2.44,0.53
728,18.8518,-155.657,IGNEOUS:VOLCANIC:MAFIC,PICRITE,48.76,1.94,0.28
729,19.51,-155.5,IGNEOUS:VOLCANIC:MAFIC,THOLEIITE,47.09,1.36,0.2
730,18.8333,-155.733,IGNEOUS:VOLCANIC:MAFIC,PICRITE,49.51,1.83,0.29
731,18.8225,-155.719,IGNEOUS:VOLCANIC:MAFIC,PICRITE,48.63,1.41,0.24
732,64.0186,-20.6741,IGNEOUS:VOLCANIC:MAFIC,BASALT,47.74,1.99,0.15
733,64.4941,-20.7424,IGNEOUS:VOLCANIC:MAFIC,BASALT,48.14,1.85,0.1
734,19.3,-155.5,IGNEOUS:VOLCANIC:MAFIC,BASALT,50.75,1.98,0.36
735,18.8167,-156.056,IGNEOUS:VOLCANIC:MAFIC,PICRITE,49.57,1.8,0.19
736,21.6334,-159.042,IGNEOUS:VOLCANIC:MAFIC,PICRITE,,,0.45799999999999996
737,21.6334,-159.042,IGNEOUS:VOLCANIC:MAFIC,PICRITE,50.23,2.11,0.42
738,19.0865,-156.145,IGNEOUS:VOLCANIC:MAFIC,BASALT,51.43,2.28,0.38
739,19.51,-155.5,IGNEOUS:VOLCANIC:MAFIC,THOLEIITE,49.22,2.22,0.36
740,19.3,-155.5,IGNEOUS:VOLCANIC:MAFIC,BASALT,51.61,2.15,0.45
741,18.7572,-155.792,IGNEOUS:VOLCANIC:MAFIC,PICRITE,49.66,1.65,0.3
742,19.51,-155.5,IGNEOUS:VOLCANIC:MAFIC,THOLEIITE,49.75,2.19,0.3
743,19.51,-155.5,IGNEOUS:VOLCANIC:MAFIC,THOLEIITE,49.61,2.28,0.45
744,19.3,-155.5,IGNEOUS:VOLCANIC:MAFIC,BASALT,50.88,2.21,0.4
745,19.3,-155.5,IGNEOUS:VOLCANIC:MAFIC,BASALT,50.95,2.18,0.35
746,19.3,-155.5,IGNEOUS:VOLCANIC:MAFIC,BASALT,51.47,2.0,0.34
747,19.3,-155.5,IGNEOUS:VOLCANIC:MAFIC,BASALT,51.71,2.18,0.42
748,64.9443,-19.9148,IGNEOUS:VOLCANIC:MAFIC,BASALT,48.32,1.82,0.1
749,19.3,-155.5,IGNEOUS:VOLCANIC:MAFIC,BASALT,52.09,2.17,0.37
750,19.51,-155.5,IGNEOUS:VOLCANIC:MAFIC,THOLEIITE,50.27,2.28,0.4
751,18.8069,-155.85,IGNEOUS:VOLCANIC:MAFIC,PICRITE,48.55,1.65,0.27
752,19.51,-155.5,IGNEOUS:VOLCANIC:MAFIC,THOLEIITE,48.45,2.22,0.34
753,19.1392,-156.09799999999998,IGNEOUS:VOLCANIC:MAFIC,BASALT,50.49,2.1,0.19
754,21.5187,-159.014,IGNEOUS:VOLCANIC:MAFIC,BASALT,44.89,3.4,1.14
755,21.5187,-159.014,IGNEOUS:VOLCANIC:MAFIC,BASALT,44.69,2.57,0.99
756,19.3,-155.5,IGNEOUS:VOLCANIC:MAFIC,BASALT,50.18,2.06,0.27
757,19.3,-155.5,IGNEOUS:VOLCANIC:MAFIC,BASALT,51.57,2.66,0.47
758,19.3,-155.5,IGNEOUS:VOLCANIC:MAFIC,BASALT,51.79,2.28,0.42
759,19.3,-155.5,IGNEOUS:VOLCANIC:MAFIC,BASALT,51.48,2.28,0.41
760,19.3,-155.5,IGNEOUS:VOLCANIC:MAFIC,BASALT,49.54,1.71,0.28
761,19.51,-155.5,IGNEOUS:VOLCANIC:MAFIC,THOLEIITE,49.69,2.15,0.49
762,19.3,-155.5,IGNEOUS:VOLCANIC:MAFIC,BASALT,51.87,2.14,0.35
763,18.8333,-155.733,IGNEOUS:VOLCANIC:MAFIC,BASALT,49.92,2.07,0.34
764,64.797,-19.4688,IGNEOUS:VOLCANIC:MAFIC,BASALT,49.5,2.31,0.46
765,19.3,-155.5,IGNEOUS:VOLCANIC:MAFIC,BASALT,50.63,2.22,0.37
766,64.4815,-20.4269,IGNEOUS:VOLCANIC:MAFIC,BASALT,47.4,1.89,0.16
767,64.1196,-21.2197,IGNEOUS:VOLCANIC:MAFIC,BASALT,48.5,1.47,0.12
768,19.3,-155.5,IGNEOUS:VOLCANIC:MAFIC,BASALT,48.46,1.32,0.31
769,19.3,-155.5,IGNEOUS:VOLCANIC:MAFIC,BASALT,50.21,2.24,0.28
770,18.62,-155.775,IGNEOUS:VOLCANIC:MAFIC,PICRITE,47.91,1.78,0.26
771,64.0083,-21.3303,IGNEOUS:VOLCANIC:MAFIC,BASALT,48.9,1.95,0.08
772,19.51,-155.5,IGNEOUS:VOLCANIC:MAFIC,THOLEIITE,47.09,1.92,0.51
773,18.8233,-155.711,IGNEOUS:VOLCANIC:MAFIC,BASALT,51.07,2.22,0.38
774,18.8808,-155.7,IGNEOUS:VOLCANIC:MAFIC,BASALT,50.24,2.3,0.29
775,18.8829,-155.708,IGNEOUS:VOLCANIC:MAFIC,PICRITE,46.23,1.48,0.23
776,19.3,-155.5,IGNEOUS:VOLCANIC:MAFIC,BASALT,51.28,2.16,0.3
777,21.7563,-159.004,IGNEOUS:VOLCANIC:MAFIC,BASALT,49.15,2.85,0.96
778,19.3,-155.5,IGNEOUS:VOLCANIC:MAFIC,BASALT,50.76,2.27,0.36
779,19.51,-155.5,IGNEOUS:VOLCANIC:MAFIC,THOLEIITE,50.19,2.14,0.4
780,19.51,-155.5,IGNEOUS:VOLCANIC:MAFIC,THOLEIITE,49.58,2.04,0.42
781,18.95,-155.983,IGNEOUS:VOLCANIC:MAFIC,BASALT,51.3,2.69,0.47
782,18.8235,-155.707,IGNEOUS:VOLCANIC:MAFIC,PICRITE,49.86,1.87,0.28
783,18.983,-155.917,IGNEOUS:VOLCANIC:MAFIC,BASALT,51.25,2.48,0.47
784,19.51,-155.5,IGNEOUS:VOLCANIC:MAFIC,THOLEIITE,45.05,1.15,0.08
785,18.8796,-155.695,IGNEOUS:VOLCANIC:MAFIC,BASALT,50.88,2.48,0.34
786,19.1767,-155.971,IGNEOUS:VOLCANIC:MAFIC,BASALT,51.55,1.97,0.3
787,21.7558,-159.001,IGNEOUS:VOLCANIC:MAFIC,BASALT,50.49,2.24,0.62
788,19.3,-155.5,IGNEOUS:VOLCANIC:MAFIC,BASALT,51.63,2.2,0.34
789,19.51,-155.5,IGNEOUS:VOLCANIC:MAFIC,THOLEIITE,45.66,1.39,0.14
790,19.3545,-155.983,IGNEOUS:VOLCANIC:MAFIC,BASALT,50.8,2.24,0.38
791,64.4815,-20.4269,IGNEOUS:VOLCANIC:MAFIC,BASALT,47.6,1.89,0.17
792,19.51,-155.5,IGNEOUS:VOLCANIC:MAFIC,THOLEIITE,47.95,1.65,0.11
793,19.7408,-155.05,IGNEOUS:VOLCANIC:MAFIC,THOLEIITE,49.45,1.97,0.25
794,18.8823,-155.70600000000002,IGNEOUS:VOLCANIC:MAFIC,PICRITE,44.53,1.21,0.18
795,64.0184,-20.6699,IGNEOUS:VOLCANIC:MAFIC,BASALT,47.32,2.02,0.15
796,19.51,-155.5,IGNEOUS:VOLCANIC:MAFIC,THOLEIITE,50.25,2.25,0.48
797,64.4941,-20.7424,IGNEOUS:VOLCANIC:MAFIC,BASALT,48.32,1.8,0.09
798,19.51,-155.5,IGNEOUS:VOLCANIC:MAFIC,THOLEIITE,49.79,1.76,0.32
799,19.51,-155.5,IGNEOUS:VOLCANIC:MAFIC,THOLEIITE,49.98,2.12,0.12
800,18.8333,-155.733,IGNEOUS:VOLCANIC:MAFIC,BASALT,50.56,2.03,0.3
801,19.3,-155.5,IGNEOUS:VOLCANIC:MAFIC,BASALT,50.61,2.2,0.32
802,19.3,-155.5,IGNEOUS:VOLCANIC:MAFIC,BASALT,51.0,2.27,0.35
803,19.354,-155.056,IGNEOUS:VOLCANIC:MAFIC,THOLEIITE,50.3,2.54,0.46
804,19.354,-155.056,IGNEOUS:VOLCANIC:MAFIC,THOLEIITE,,,
805,19.419,-155.987,IGNEOUS:VOLCANIC:MAFIC,BASALT,51.62,2.32,0.38
806,64.4816,-20.7295,IGNEOUS:VOLCANIC:MAFIC,BASALT,48.33,1.5,0.11
807,18.942,-155.887,IGNEOUS:VOLCANIC:MAFIC,PICRITE,47.98,1.58,0.25
808,64.3634,-20.7171,IGNEOUS:VOLCANIC:MAFIC,BASALT,48.8,1.61,0.07
809,19.51,-155.5,IGNEOUS:VOLCANIC:MAFIC,THOLEIITE,48.3,1.79,0.38
810,18.8167,-156.056,IGNEOUS:VOLCANIC:MAFIC,PICRITE,47.39,1.39,0.2
811,64.5373,-20.3327,IGNEOUS:VOLCANIC:MAFIC,BASALT,47.95,1.72,0.18
812,19.3,-155.5,IGNEOUS:VOLCANIC:MAFIC,BASALT,50.6,2.23,0.39
813,19.3,-155.5,IGNEOUS:VOLCANIC:MAFIC,BASALT,49.64,1.57,0.29
814,19.3,-155.5,IGNEOUS:VOLCANIC:MAFIC,BASALT,50.91,1.83,0.35
815,19.51,-155.5,IGNEOUS:VOLCANIC:MAFIC,THOLEIITE,46.96,1.47,0.21
816,19.51,-155.5,IGNEOUS:VOLCANIC:MAFIC,THOLEIITE,48.32,1.54,0.15
817,19.51,-155.5,IGNEOUS:VOLCANIC:MAFIC,THOLEIITE,47.52,1.75,0.15
818,19.51,-155.5,IGNEOUS:VOLCANIC:MAFIC,THOLEIITE,44.32,0.75,0.09
819,18.6847,-155.69299999999998,IGNEOUS:VOLCANIC:MAFIC,PICRITE,47.15,1.39,0.19
820,19.51,-155.5,IGNEOUS:VOLCANIC:MAFIC,THOLEIITE,50.14,1.86,0.22
821,21.4954,-159.016,IGNEOUS:VOLCANIC:MAFIC,BASALT,46.87,3.2,0.86
822,21.4954,-159.016,IGNEOUS:VOLCANIC:MAFIC,BASALT,,,
823,21.4954,-159.016,IGNEOUS:VOLCANIC:MAFIC,BASALT,46.5,2.76,0.79
824,19.51,-155.5,IGNEOUS:VOLCANIC:MAFIC,THOLEIITE,46.87,1.35,0.1
825,19.3,-155.5,IGNEOUS:VOLCANIC:MAFIC,BASALT,51.06,2.33,0.39
826,19.7408,-155.05,IGNEOUS:VOLCANIC:MAFIC,THOLEIITE,47.55,1.69,0.21
827,19.51,-155.5,IGNEOUS:VOLCANIC:MAFIC,THOLEIITE,47.14,1.56,0.61
828,19.51,-155.5,IGNEOUS:VOLCANIC:MAFIC,THOLEIITE,49.91,1.97,0.19
829,19.3,-155.5,IGNEOUS:VOLCANIC:MAFIC,BASALT,50.97,2.09,0.4
830,19.51,-155.5,IGNEOUS:VOLCANIC:MAFIC,THOLEIITE,47.71,1.79,0.66
831,18.8227,-155.719,IGNEOUS:VOLCANIC:MAFIC,PICRITE,48.62,1.43,0.25
832,19.3,-155.5,IGNEOUS:VOLCANIC:MAFIC,BASALT,51.51,2.61,0.46
833,19.3518,-155.968,IGNEOUS:VOLCANIC:MAFIC,BASALT,50.88,2.12,0.37
834,19.51,-155.5,IGNEOUS:VOLCANIC:MAFIC,THOLEIITE,50.42,2.28,0.37
835,18.8333,-155.733,IGNEOUS:VOLCANIC:MAFIC,BASALT,50.07,1.99,0.3
836,19.3,-155.5,IGNEOUS:VOLCANIC:MAFIC,BASALT,51.51,2.18,0.4
837,18.6775,-155.686,IGNEOUS:VOLCANIC:MAFIC,PICRITE,46.42,1.17,0.18
838,19.51,-155.5,IGNEOUS:VOLCANIC:MAFIC,THOLEIITE,47.42,1.59,0.29
839,19.51,-155.5,IGNEOUS:VOLCANIC:MAFIC,THOLEIITE,49.66,1.71,0.3
840,19.51,-155.5,IGNEOUS:VOLCANIC:MAFIC,THOLEIITE,51.31,2.17,0.4
841,18.6713,-155.743,IGNEOUS:VOLCANIC:MAFIC,PICRITE,48.56,1.75,0.24
842,19.3,-155.5,IGNEOUS:VOLCANIC:MAFIC,BASALT,51.49,2.3,0.36
843,19.4597,-155.957,IGNEOUS:VOLCANIC:MAFIC,BASALT,51.89,2.18,0.36
844,19.3,-155.5,IGNEOUS:VOLCANIC:MAFIC,BASALT,50.94,1.92,0.32
845,19.7408,-155.05,IGNEOUS:VOLCANIC:MAFIC,THOLEIITE,47.48,1.7,0.22
846,18.7572,-155.792,IGNEOUS:VOLCANIC:MAFIC,PICRITE,47.42,1.2,0.19
847,18.942,-155.887,IGNEOUS:VOLCANIC:MAFIC,BASALT,51.25,2.59,0.51
848,19.3,-155.5,IGNEOUS:VOLCANIC:MAFIC,BASALT,51.81,2.48,0.37
849,19.51,-155.5,IGNEOUS:VOLCANIC:MAFIC,THOLEIITE,43.75,2.72,0.84
850,19.435,-155.965,IGNEOUS:VOLCANIC:MAFIC,BASALT,51.17,2.08,0.33
851,18.8285,-155.69899999999998,IGNEOUS:VOLCANIC:MAFIC,BASALT,51.93,2.74,0.67
852,64.4381,-20.5187,IGNEOUS:VOLCANIC:MAFIC,BASALT,47.28,1.67,0.11
853,19.51,-155.5,IGNEOUS:VOLCANIC:MAFIC,THOLEIITE,47.57,1.84,0.3
854,18.6238,-155.781,IGNEOUS:VOLCANIC:MAFIC,PICRITE,47.24,1.43,0.21
855,19.4532,-155.958,IGNEOUS:VOLCANIC:MAFIC,BASALT,46.9,3.15,0.58
856,19.3,-155.5,IGNEOUS:VOLCANIC:MAFIC,BASALT,51.88,2.57,0.47
857,19.1055,-156.321,IGNEOUS:VOLCANIC:MAFIC,PICRITE,47.61,1.51,0.26
858,19.4333,-155.967,IGNEOUS:VOLCANIC:MAFIC,BASALT,51.26,2.22,0.33
859,19.3,-155.5,IGNEOUS:VOLCANIC:MAFIC,BASALT,51.62,2.35,0.38
860,19.51,-155.5,IGNEOUS:VOLCANIC:MAFIC,THOLEIITE,50.39,2.49,0.33
861,63.9278,-21.5258,IGNEOUS:VOLCANIC:MAFIC,BASALT,49.26,1.88,0.31
862,64.4917,-20.7182,IGNEOUS:VOLCANIC:MAFIC,BASALT,47.85,1.67,0.1
863,19.3,-155.5,IGNEOUS:VOLCANIC:MAFIC,BASALT,51.57,2.33,0.43
864,19.3,-155.5,IGNEOUS:VOLCANIC:MAFIC,BASALT,51.3,2.23,0.36
865,18.6797,-155.787,IGNEOUS:VOLCANIC:MAFIC,PICRITE,44.83,0.87,0.15
866,19.3,-155.5,IGNEOUS:VOLCANIC:MAFIC,BASALT,51.12,2.24,0.35
867,18.8519,-155.625,IGNEOUS:VOLCANIC:MAFIC,PICRITE,48.99,1.96,0.3
868,19.51,-155.5,IGNEOUS:VOLCANIC:MAFIC,THOLEIITE,48.15,1.42,0.22
869,19.1567,-155.963,IGNEOUS:VOLCANIC:MAFIC,BASALT,51.84,2.27,0.43
870,64.8083,-19.7623,IGNEOUS:VOLCANIC:MAFIC,BASALT,48.99,1.63,0.08
871,19.51,-155.5,IGNEOUS:VOLCANIC:MAFIC,THOLEIITE,47.39,1.61,0.3
872,19.3,-155.5,IGNEOUS:VOLCANIC:MAFIC,BASALT,51.19,2.13,0.49
873,19.3,-155.5,IGNEOUS:VOLCANIC:MAFIC,BASALT,,,
874,19.3,-155.5,IGNEOUS:VOLCANIC:MAFIC,BASALT,51.72,2.3,0.48
875,19.3,-155.5,IGNEOUS:VOLCANIC:MAFIC,BASALT,51.56,2.37,0.38
876,63.9454,-21.5062,IGNEOUS:VOLCANIC:MAFIC,BASALT,48.8,2.04,0.32
877,64.2726,-20.9216,IGNEOUS:VOLCANIC:MAFIC,BASALT,48.71,1.9,0.2
878,19.51,-155.5,IGNEOUS:VOLCANIC:MAFIC,THOLEIITE,49.95,2.11,0.47
879,19.3612,-156.062,IGNEOUS:VOLCANIC:MAFIC,BASALT,51.69,2.32,0.45
880,21.498,-159.014,IGNEOUS:VOLCANIC:MAFIC,BASALT,48.15,3.05,0.72
881,63.9872,-20.6702,IGNEOUS:VOLCANIC:MAFIC,BASALT,48.48,1.75,0.14
882,18.7584,-155.715,IGNEOUS:VOLCANIC:MAFIC,BASALT,50.36,2.25,0.41
883,19.5,-155.0,IGNEOUS:VOLCANIC:MAFIC,BASALT,74.72,,
884,18.7167,-155.841,IGNEOUS:VOLCANIC:MAFIC,PICRITE,50.11,1.84,0.29
885,19.51,-155.5,IGNEOUS:VOLCANIC:MAFIC,THOLEIITE,44.7,0.8,0.08
886,64.4074,-20.548000000000002,IGNEOUS:VOLCANIC:MAFIC,BASALT,48.57,1.24,0.13
887,18.6563,-155.8,IGNEOUS:VOLCANIC:MAFIC,PICRITE,47.32,1.38,0.2
888,19.51,-155.5,IGNEOUS:VOLCANIC:MAFIC,THOLEIITE,44.81,1.13,0.18
889,18.8527,-155.92600000000002,IGNEOUS:VOLCANIC:MAFIC,BASALT,50.81,2.24,0.35
890,19.3598,-155.945,IGNEOUS:VOLCANIC:MAFIC,ALKALI BASALT,46.74,3.57,0.89
891,18.6262,-155.78,IGNEOUS:VOLCANIC:MAFIC,PICRITE,48.98,1.81,0.27
892,19.0865,-156.145,IGNEOUS:VOLCANIC:MAFIC,BASALT,50.43,2.09,0.32
893,19.3,-155.5,IGNEOUS:VOLCANIC:MAFIC,BASALT,51.76,1.84,0.36
894,64.4815,-20.4269,IGNEOUS:VOLCANIC:MAFIC,BASALT,47.99,1.73,0.13
895,19.51,-155.5,IGNEOUS:VOLCANIC:MAFIC,THOLEIITE,50.29,1.82,0.23
896,19.3,-155.5,IGNEOUS:VOLCANIC:MAFIC,BASALT,50.39,1.93,0.3
897,18.7572,-155.792,IGNEOUS:VOLCANIC:MAFIC,BASALT,51.76,2.12,0.34
898,18.8225,-155.717,IGNEOUS:VOLCANIC:MAFIC,PICRITE,47.51,1.35,0.27
899,19.51,-155.5,IGNEOUS:VOLCANIC:MAFIC,THOLEIITE,46.64,1.77,0.13
900,19.51,-155.5,IGNEOUS:VOLCANIC:MAFIC,THOLEIITE,46.3,2.17,0.36
901,19.3,-155.5,IGNEOUS:VOLCANIC:MAFIC,BASALT,51.81,2.11,0.38
902,18.6292,-155.77700000000002,IGNEOUS:VOLCANIC:MAFIC,PICRITE,49.23,1.94,0.28
903,19.3,-155.5,IGNEOUS:VOLCANIC:MAFIC,BASALT,51.59,2.17,0.37
904,21.7556,-158.998,IGNEOUS:VOLCANIC:MAFIC,BASALT,51.39,3.15,1.03
905,21.7556,-158.998,IGNEOUS:VOLCANIC:MAFIC,BASALT,50.26,2.9,1.0
906,19.7408,-155.05,IGNEOUS:VOLCANIC:MAFIC,BASALT,,1.17,0.49
907,19.7408,-155.05,IGNEOUS:VOLCANIC:MAFIC,BASALT,,,
908,19.51,-155.5,IGNEOUS:VOLCANIC:MAFIC,THOLEIITE,46.87,1.84,0.2
909,19.3,-155.5,IGNEOUS:VOLCANIC:MAFIC,BASALT,51.71,1.86,0.42
910,19.51,-155.5,IGNEOUS:VOLCANIC:MAFIC,THOLEIITE,50.31,1.89,0.31
911,19.3,-155.5,IGNEOUS:VOLCANIC:MAFIC,BASALT,50.42,1.56,0.31
912,19.51,-155.5,IGNEOUS:VOLCANIC:MAFIC,THOLEIITE,48.56,2.12,0.49
913,19.51,-155.5,IGNEOUS:VOLCANIC:MAFIC,THOLEIITE,50.39,2.46,0.36
914,19.3,-155.5,IGNEOUS:VOLCANIC:MAFIC,BASALT,48.69,1.77,0.27
915,19.51,-155.5,IGNEOUS:VOLCANIC:MAFIC,THOLEIITE,46.75,1.24,0.28
916,19.3,-155.5,IGNEOUS:VOLCANIC:MAFIC,BASALT,52.17,2.3,0.46
917,18.6273,-155.779,IGNEOUS:VOLCANIC:MAFIC,PICRITE,48.76,1.66,0.33
918,19.51,-155.5,IGNEOUS:VOLCANIC:MAFIC,THOLEIITE,46.47,1.41,0.22
919,19.3,-155.5,IGNEOUS:VOLCANIC:MAFIC,BASALT,50.09,2.03,0.35
920,64.4815,-20.4269,IGNEOUS:VOLCANIC:MAFIC,BASALT,48.88,2.08,0.21
921,64.797,-19.4688,IGNEOUS:VOLCANIC:MAFIC,BASALT,50.1,1.97,0.46
922,19.3,-155.5,IGNEOUS:VOLCANIC:MAFIC,BASALT,51.79,2.13,0.34
923,19.3,-155.5,IGNEOUS:VOLCANIC:MAFIC,BASALT,48.78,1.7,0.35
924,19.51,-155.5,IGNEOUS:VOLCANIC:MAFIC,THOLEIITE,46.87,1.36,0.1
925,19.3,-155.5,IGNEOUS:VOLCANIC:MAFIC,BASALT,51.65,2.17,0.36
926,19.51,-155.5,IGNEOUS:VOLCANIC:MAFIC,THOLEIITE,50.58,2.22,0.26
927,19.51,-155.5,IGNEOUS:VOLCANIC:MAFIC,THOLEIITE,48.6,1.72,0.33
928,19.51,-155.5,IGNEOUS:VOLCANIC:MAFIC,THOLEIITE,51.32,2.08,0.41
929,19.4633,-155.97899999999998,IGNEOUS:VOLCANIC:MAFIC,BASALT,51.81,2.17,0.36
930,19.51,-155.5,IGNEOUS:VOLCANIC:MAFIC,THOLEIITE,44.35,0.81,0.08
931,22.0494,-158.923,IGNEOUS:VOLCANIC:MAFIC,BASALT,,,
932,22.0494,-158.923,IGNEOUS:VOLCANIC:MAFIC,BASALT,41.67,3.03,0.86
933,19.3,-155.5,IGNEOUS:VOLCANIC:MAFIC,BASALT,50.42,2.05,0.24
934,19.7408,-155.05,IGNEOUS:VOLCANIC:MAFIC,THOLEIITE,48.76,1.98,0.23
935,18.7771,-155.715,IGNEOUS:VOLCANIC:MAFIC,PICRITE,49.09,1.93,0.35
936,19.3578,-155.94799999999998,IGNEOUS:VOLCANIC:MAFIC,ALKALI BASALT,46.61,3.61,0.88
937,19.4305,-155.984,IGNEOUS:VOLCANIC:MAFIC,BASALT,51.49,2.19,0.33
938,19.3,-155.5,IGNEOUS:VOLCANIC:MAFIC,BASALT,51.07,2.26,0.33
939,18.942,-155.887,IGNEOUS:VOLCANIC:MAFIC,BASALT,51.25,2.54,0.41
940,19.4305,-155.984,IGNEOUS:VOLCANIC:MAFIC,BASALT,48.32,3.2,0.63
941,19.51,-155.5,IGNEOUS:VOLCANIC:MAFIC,THOLEIITE,49.16,1.87,0.24
942,18.6563,-155.8,IGNEOUS:VOLCANIC:MAFIC,PICRITE,46.97,1.38,0.21
943,19.3,-155.5,IGNEOUS:VOLCANIC:MAFIC,BASALT,48.32,1.53,0.33
944,19.51,-155.5,IGNEOUS:VOLCANIC:MAFIC,THOLEIITE,50.23,2.35,0.41
945,19.4393,-155.959,IGNEOUS:VOLCANIC:MAFIC,BASALT,51.53,2.35,0.33
946,19.51,-155.5,IGNEOUS:VOLCANIC:MAFIC,THOLEIITE,45.74,1.71,0.34
947,64.0158,-20.6803,IGNEOUS:VOLCANIC:MAFIC,BASALT,48.6,2.19,0.14
948,18.8233,-155.72899999999998,IGNEOUS:VOLCANIC:MAFIC,BASALT,51.28,2.01,0.34
949,19.51,-155.5,IGNEOUS:VOLCANIC:MAFIC,THOLEIITE,48.41,1.66,0.26
950,19.51,-155.5,IGNEOUS:VOLCANIC:MAFIC,THOLEIITE,46.74,1.4,0.14
951,65.967,-16.899,IGNEOUS:VOLCANIC:MAFIC,BASALT,,,
952,64.063,-21.2789,IGNEOUS:VOLCANIC:MAFIC,BASALT,49.19,1.63,0.07
953,18.8233,-155.72799999999998,IGNEOUS:VOLCANIC:MAFIC,BASALT,51.1,2.01,0.34
954,19.51,-155.5,IGNEOUS:VOLCANIC:MAFIC,THOLEIITE,47.75,1.72,0.29
955,64.4407,-20.7634,IGNEOUS:VOLCANIC:MAFIC,BASALT,48.23,1.65,0.17
956,19.51,-155.5,IGNEOUS:VOLCANIC:MAFIC,THOLEIITE,48.79,1.78,0.25
957,19.3,-155.5,IGNEOUS:VOLCANIC:MAFIC,BASALT,51.74,2.29,0.42
958,19.3,-155.5,IGNEOUS:VOLCANIC:MAFIC,BASALT,47.21,1.51,0.22
959,18.7572,-155.792,IGNEOUS:VOLCANIC:MAFIC,PICRITE,48.83,1.52,0.23
960,19.1713,-155.97299999999998,IGNEOUS:VOLCANIC:MAFIC,BASALT,51.79,2.58,0.46
961,21.7551,-158.99200000000002,IGNEOUS:VOLCANIC:MAFIC,BASALT,,,
962,21.7551,-158.99200000000002,IGNEOUS:VOLCANIC:MAFIC,BASALT,51.56,1.98,0.29
963,19.51,-155.5,IGNEOUS:VOLCANIC:MAFIC,THOLEIITE,47.82,1.72,0.23
964,19.51,-155.5,IGNEOUS:VOLCANIC:MAFIC,THOLEIITE,51.32,2.08,0.41
965,19.3,-155.5,IGNEOUS:VOLCANIC:MAFIC,BASALT,50.15,1.68,0.32
966,63.8525,-21.3829,IGNEOUS:VOLCANIC:MAFIC,BASALT,48.22,2.07,0.17
967,19.51,-155.5,IGNEOUS:VOLCANIC:MAFIC,THOLEIITE,46.91,1.44,0.29
968,19.3,-155.5,IGNEOUS:VOLCANIC:MAFIC,BASALT,51.55,2.09,0.36
969,18.8303,-155.695,IGNEOUS:VOLCANIC:MAFIC,BASALT,50.9,2.93,0.6
970,19.3,-155.5,IGNEOUS:VOLCANIC:MAFIC,BASALT,51.35,2.08,0.36
971,21.7697,-158.951,IGNEOUS:VOLCANIC:MAFIC,BASALT,49.95,2.27,0.4
972,19.51,-155.5,IGNEOUS:VOLCANIC:MAFIC,THOLEIITE,44.66,1.09,0.2
973,19.3,-155.5,IGNEOUS:VOLCANIC:MAFIC,BASALT,51.94,2.31,0.38
974,19.1055,-156.321,IGNEOUS:VOLCANIC:MAFIC,BASALT,50.97,2.38,0.39
975,19.3,-155.5,IGNEOUS:VOLCANIC:MAFIC,BASALT,51.18,2.18,0.36
976,19.51,-155.5,IGNEOUS:VOLCANIC:MAFIC,THOLEIITE,44.77,0.99,0.07
977,19.3,-155.5,IGNEOUS:VOLCANIC:MAFIC,BASALT,51.73,2.23,0.36
978,18.8232,-155.725,IGNEOUS:VOLCANIC:MAFIC,PICRITE,50.06,1.77,0.27
979,18.6972,-155.77100000000002,IGNEOUS:VOLCANIC:MAFIC,BASALT,50.23,1.81,0.28
980,19.3,-155.5,IGNEOUS:VOLCANIC:MAFIC,BASALT,51.28,2.15,0.35
981,64.0645,-21.2186,IGNEOUS:VOLCANIC:MAFIC,BASALT,47.98,1.51,0.11
982,19.3,-155.5,IGNEOUS:VOLCANIC:MAFIC,BASALT,51.79,2.25,0.37
983,18.8518,-155.651,IGNEOUS:VOLCANIC:MAFIC,PICRITE,48.87,2.02,0.3
984,19.3808,-155.946,IGNEOUS:VOLCANIC:MAFIC,BASALT,50.9,2.1,0.31
985,19.3,-155.5,IGNEOUS:VOLCANIC:MAFIC,BASALT,51.42,2.11,0.39
986,18.6483,-155.764,IGNEOUS:VOLCANIC:MAFIC,PICRITE,48.32,1.59,0.28
987,19.5,-155.22,IGNEOUS:VOLCANIC:MAFIC,BASALT,50.21,2.21,0.46
988,19.3612,-156.062,IGNEOUS:VOLCANIC:MAFIC,PICRITE,49.44,1.89,0.27
989,18.8069,-155.85,IGNEOUS:VOLCANIC:MAFIC,BASALT,50.19,2.05,0.32
990,18.92,-155.67,IGNEOUS:VOLCANIC:MAFIC,BASALT,50.24,2.5,0.37
991,19.51,-155.5,IGNEOUS:VOLCANIC:MAFIC,THOLEIITE,47.74,1.81,0.33
992,18.666,-155.744,IGNEOUS:VOLCANIC:MAFIC,BASALT,50.42,2.0,0.28
993,19.3,-155.5,IGNEOUS:VOLCANIC:MAFIC,BASALT,50.39,2.03,0.08
994,19.3,-155.5,IGNEOUS:VOLCANIC:MAFIC,BASALT,52.02,2.26,0.41
995,19.51,-155.5,IGNEOUS:VOLCANIC:MAFIC,THOLEIITE,50.57,2.22,0.26
996,18.6645,-155.743,IGNEOUS:VOLCANIC:MAFIC,BASALT,50.39,2.0,0.27
997,18.8333,-155.733,IGNEOUS:VOLCANIC:MAFIC,PICRITE,48.84,1.6,0.27
998,19.7408,-155.05,IGNEOUS:VOLCANIC:MAFIC,BASALT,,1.83,0.41
999,19.7408,-155.05,IGNEOUS:VOLCANIC:MAFIC,BASALT,,,
1000,19.7408,-155.05,IGNEOUS:VOLCANIC:MAFIC,THOLEIITE,47.33,1.35,0.16
1001,21.6742,-159.981,IGNEOUS:VOLCANIC:MAFIC,BASALT,49.07,2.02,0.35
1002,18.8228,-155.71,IGNEOUS:VOLCANIC:MAFIC,BASALT,51.44,1.97,0.34
1003,19.7408,-155.05,IGNEOUS:VOLCANIC:MAFIC,BASALT,,1.17,0.45
1004,19.7408,-155.05,IGNEOUS:VOLCANIC:MAFIC,BASALT,,,
1005,19.51,-155.5,IGNEOUS:VOLCANIC:MAFIC,THOLEIITE,47.25,1.37,0.2
1006,19.0333,-155.97799999999998,IGNEOUS:VOLCANIC:MAFIC,BASALT,51.2,2.39,0.44
1007,19.3,-155.5,IGNEOUS:VOLCANIC:MAFIC,BASALT,51.55,2.41,0.38
1008,18.8285,-155.69899999999998,IGNEOUS:VOLCANIC:MAFIC,PICRITE,48.7,1.34,0.28
1009,19.3,-155.5,IGNEOUS:VOLCANIC:MAFIC,BASALT,51.55,2.18,0.37
1010,19.51,-155.5,IGNEOUS:VOLCANIC:MAFIC,THOLEIITE,47.94,2.02,0.47
1011,19.51,-155.5,IGNEOUS:VOLCANIC:MAFIC,THOLEIITE,50.35,2.33,0.31
1012,18.62,-155.775,IGNEOUS:VOLCANIC:MAFIC,PICRITE,47.45,1.47,0.23
1013,19.51,-155.5,IGNEOUS:VOLCANIC:MAFIC,THOLEIITE,47.67,1.6,0.22
1014,64.3529,-20.6628,IGNEOUS:VOLCANIC:MAFIC,BASALT,48.4,1.69,0.14
1015,18.7605,-155.715,IGNEOUS:VOLCANIC:MAFIC,BASALT,50.54,2.49,0.42
1016,19.7408,-155.05,IGNEOUS:VOLCANIC:MAFIC,BASALT,,1.52,0.37
1017,19.7408,-155.05,IGNEOUS:VOLCANIC:MAFIC,BASALT,,,
1018,19.51,-155.5,IGNEOUS:VOLCANIC:MAFIC,THOLEIITE,45.12,2.11,0.81
1019,18.8811,-155.701,IGNEOUS:VOLCANIC:MAFIC,PICRITE,48.89,2.05,0.28
1020,19.3,-155.5,IGNEOUS:VOLCANIC:MAFIC,BASALT,50.87,2.19,0.35
1021,19.51,-155.5,IGNEOUS:VOLCANIC:MAFIC,THOLEIITE,47.22,1.31,0.23
1022,19.7408,-155.05,IGNEOUS:VOLCANIC:MAFIC,THOLEIITE,44.51,1.05,0.13
1023,19.7408,-155.05,IGNEOUS:VOLCANIC:MAFIC,BASALT,,1.66,0.45
1024,19.7408,-155.05,IGNEOUS:VOLCANIC:MAFIC,BASALT,,,
1025,19.4188,-155.986,IGNEOUS:VOLCANIC:MAFIC,BASALT,51.46,2.22,0.38
1026,18.6972,-155.77100000000002,IGNEOUS:VOLCANIC:MAFIC,PICRITE,49.77,1.75,0.28
1027,64.0568,-21.2751,IGNEOUS:VOLCANIC:MAFIC,BASALT,49.68,1.65,0.15
1028,19.51,-155.5,IGNEOUS:VOLCANIC:MAFIC,THOLEIITE,47.05,1.64,0.26
1029,19.4233,-155.995,IGNEOUS:VOLCANIC:MAFIC,BASALT,51.61,2.35,0.38
1030,19.3,-155.5,IGNEOUS:VOLCANIC:MAFIC,BASALT,52.05,1.99,0.46
1031,19.3,-155.5,IGNEOUS:VOLCANIC:MAFIC,BASALT,51.37,2.32,0.36
1032,19.3,-155.5,IGNEOUS:VOLCANIC:MAFIC,BASALT,51.45,2.1,0.32
1033,64.3379,-20.5648,IGNEOUS:VOLCANIC:MAFIC,BASALT,48.4,2.13,0.26
1034,19.7408,-155.05,IGNEOUS:VOLCANIC:MAFIC,THOLEIITE,49.07,2.2,0.2
1035,19.3,-155.5,IGNEOUS:VOLCANIC:MAFIC,BASALT,51.01,2.33,0.4
1036,19.7408,-155.05,IGNEOUS:VOLCANIC:MAFIC,BASALT,,1.14,0.34
1037,19.7408,-155.05,IGNEOUS:VOLCANIC:MAFIC,BASALT,,,
1038,19.3,-155.5,IGNEOUS:VOLCANIC:MAFIC,BASALT,51.65,2.18,0.4
1039,19.51,-155.5,IGNEOUS:VOLCANIC:MAFIC,THOLEIITE,50.67,2.06,0.22
1040,19.7408,-155.05,IGNEOUS:VOLCANIC:MAFIC,BASALT,,1.46,0.3
1041,19.7408,-155.05,IGNEOUS:VOLCANIC:MAFIC,BASALT,,,
1042,19.7408,-155.05,IGNEOUS:VOLCANIC:MAFIC,THOLEIITE,48.95,1.97,0.23
1043,19.3,-155.5,IGNEOUS:VOLCANIC:MAFIC,BASALT,51.7,2.2,0.46
1044,64.8512,-21.5,IGNEOUS:VOLCANIC:MAFIC,BASALT,48.16,1.58,0.05
1045,64.2824,-20.8691,IGNEOUS:VOLCANIC:MAFIC,BASALT,48.51,2.06,0.23
1046,19.3,-155.5,IGNEOUS:VOLCANIC:MAFIC,BASALT,51.62,2.88,0.7
1047,18.7667,-155.715,IGNEOUS:VOLCANIC:MAFIC,BASALT,50.02,2.25,0.39
1048,18.8333,-155.733,IGNEOUS:VOLCANIC:MAFIC,BASALT,51.45,2.28,0.39
1049,19.4485,-155.959,IGNEOUS:VOLCANIC:MAFIC,BASALT,47.49,2.98,0.63
1050,19.51,-155.5,IGNEOUS:VOLCANIC:MAFIC,THOLEIITE,47.37,1.69,0.16
1051,18.983,-155.917,IGNEOUS:VOLCANIC:MAFIC,BASALT,50.3,1.99,0.34
1052,19.0865,-156.145,IGNEOUS:VOLCANIC:MAFIC,PICRITE,47.56,1.65,0.21
1053,19.51,-155.5,IGNEOUS:VOLCANIC:MAFIC,THOLEIITE,46.38,1.54,0.21
1054,19.7408,-155.05,IGNEOUS:VOLCANIC:MAFIC,BASALT,,1.49,0.29
1055,19.7408,-155.05,IGNEOUS:VOLCANIC:MAFIC,BASALT,,,
1056,19.3,-155.5,IGNEOUS:VOLCANIC:MAFIC,BASALT,50.55,1.91,0.32
1057,21.683000000000003,-159.97299999999998,IGNEOUS:VOLCANIC:MAFIC,BASALT,52.85,2.4,0.38
1058,21.683000000000003,-159.97299999999998,IGNEOUS:VOLCANIC:MAFIC,BASALT,,,0.401
1059,21.683000000000003,-159.97299999999998,IGNEOUS:VOLCANIC:MAFIC,BASALT,,,
1060,21.683000000000003,-159.97299999999998,IGNEOUS:VOLCANIC:MAFIC,BASALT,51.33,2.1,0.35
1061,19.51,-155.5,IGNEOUS:VOLCANIC:MAFIC,THOLEIITE,49.17,2.22,0.35
1062,19.0333,-155.97799999999998,IGNEOUS:VOLCANIC:MAFIC,BASALT,51.21,2.08,0.44
1063,64.797,-19.4688,IGNEOUS:VOLCANIC:MAFIC,BASALT,49.8,2.36,0.44
1064,19.51,-155.5,IGNEOUS:VOLCANIC:MAFIC,THOLEIITE,49.23,2.26,0.37
1065,19.3861,-156.017,IGNEOUS:VOLCANIC:MAFIC,PICRITE,48.67,1.69,0.29
1066,19.0865,-156.145,IGNEOUS:VOLCANIC:MAFIC,BASALT,51.15,2.01,0.32
1067,19.7408,-155.05,IGNEOUS:VOLCANIC:MAFIC,BASALT,,1.43,0.54
1068,19.7408,-155.05,IGNEOUS:VOLCANIC:MAFIC,BASALT,,,
1069,19.3,-155.5,IGNEOUS:VOLCANIC:MAFIC,BASALT,50.88,2.09,0.29
1070,19.51,-155.5,IGNEOUS:VOLCANIC:MAFIC,THOLEIITE,46.26,1.9,0.27
1071,19.3,-155.5,IGNEOUS:VOLCANIC:MAFIC,BASALT,51.84,2.13,0.34
1072,19.3,-155.5,IGNEOUS:VOLCANIC:MAFIC,BASALT,51.89,2.29,0.38
1073,19.3,-155.5,IGNEOUS:VOLCANIC:MAFIC,BASALT,48.63,1.75,0.34
1074,21.7548,-159.013,IGNEOUS:VOLCANIC:MAFIC,BASALT,,,
1075,21.7548,-159.013,IGNEOUS:VOLCANIC:MAFIC,BASALT,51.01,2.09,0.49
1076,18.6922,-155.697,IGNEOUS:VOLCANIC:MAFIC,PICRITE,46.92,1.14,0.16
1077,18.8235,-155.725,IGNEOUS:VOLCANIC:MAFIC,BASALT,50.63,1.84,0.32
1078,19.3,-155.5,IGNEOUS:VOLCANIC:MAFIC,BASALT,51.91,2.34,0.43
1079,19.51,-155.5,IGNEOUS:VOLCANIC:MAFIC,THOLEIITE,45.78,1.5,0.09
1080,65.0359,-19.7389,IGNEOUS:VOLCANIC:MAFIC,BASALT,48.03,1.93,0.08
1081,18.6972,-155.77100000000002,IGNEOUS:VOLCANIC:MAFIC,BASALT,50.09,1.82,0.29
1082,22.0356,-158.91899999999998,IGNEOUS:VOLCANIC:MAFIC,BASALT,51.94,2.24,0.53
1083,64.0626,-21.2714,IGNEOUS:VOLCANIC:MAFIC,BASALT,49.44,1.56,0.13
1084,19.3,-155.5,IGNEOUS:VOLCANIC:MAFIC,BASALT,51.58,2.22,0.46
1085,19.51,-155.5,IGNEOUS:VOLCANIC:MAFIC,THOLEIITE,50.92,1.94,0.31
1086,18.6192,-155.775,IGNEOUS:VOLCANIC:MAFIC,BASALT,50.93,2.19,0.33
1087,19.51,-155.5,IGNEOUS:VOLCANIC:MAFIC,THOLEIITE,49.86,1.76,0.18
1088,19.3,-155.5,IGNEOUS:VOLCANIC:MAFIC,BASALT,49.83,2.35,0.38
1089,19.51,-155.5,IGNEOUS:VOLCANIC:MAFIC,THOLEIITE,47.29,1.48,0.12
1090,19.51,-155.5,IGNEOUS:VOLCANIC:MAFIC,THOLEIITE,44.46,0.96,0.19
1091,19.51,-155.5,IGNEOUS:VOLCANIC:MAFIC,THOLEIITE,50.72,2.2,0.4
1092,64.1351,-21.0273,IGNEOUS:VOLCANIC:MAFIC,BASALT,47.2,1.98,0.12
1093,19.374000000000002,-155.94299999999998,IGNEOUS:VOLCANIC:MAFIC,ALKALI BASALT,46.77,3.73,0.85
1094,19.51,-155.5,IGNEOUS:VOLCANIC:MAFIC,THOLEIITE,45.41,0.98,0.08
1095,19.1737,-155.972,IGNEOUS:VOLCANIC:MAFIC,BASALT,51.81,2.21,0.43
1096,19.7408,-155.05,IGNEOUS:VOLCANIC:MAFIC,BASALT,,1.6,0.33
1097,19.7408,-155.05,IGNEOUS:VOLCANIC:MAFIC,BASALT,,,
1098,19.38,-155.1,IGNEOUS:VOLCANIC:MAFIC,BASALT,51.14,2.21,0.39
1099,65.9505,-17.0831,IGNEOUS:VOLCANIC:MAFIC,BASALT,,,
1100,19.51,-155.5,IGNEOUS:VOLCANIC:MAFIC,THOLEIITE,50.19,1.57,0.33
1101,19.467,-155.97299999999998,IGNEOUS:VOLCANIC:MAFIC,BASALT,52.03,1.83,0.36
1102,21.6338,-159.041,IGNEOUS:VOLCANIC:MAFIC,BASALT,,,1.78
1103,21.6338,-159.041,IGNEOUS:VOLCANIC:MAFIC,BASALT,45.44,2.99,1.73
1104,19.0865,-156.145,IGNEOUS:VOLCANIC:MAFIC,BASALT,50.64,2.23,0.32
1105,18.942,-155.887,IGNEOUS:VOLCANIC:MAFIC,BASALT,51.12,2.51,0.46
1106,64.5304,-20.8031,IGNEOUS:VOLCANIC:MAFIC,BASALT,49.24,1.48,0.04
1107,64.0244,-20.6635,IGNEOUS:VOLCANIC:MAFIC,BASALT,48.0,1.75,0.06
1108,19.3,-155.5,IGNEOUS:VOLCANIC:MAFIC,BASALT,51.71,2.17,0.39
1109,64.01,-21.2001,IGNEOUS:VOLCANIC:MAFIC,BASALT,49.81,1.69,0.14
1110,66.0057,-16.4979,IGNEOUS:VOLCANIC:MAFIC,BASALT,,,
1111,19.3,-155.5,IGNEOUS:VOLCANIC:MAFIC,BASALT,52.15,1.85,0.35
1112,18.686,-155.694,IGNEOUS:VOLCANIC:MAFIC,PICRITE,47.43,1.43,0.2
1113,18.8333,-155.733,IGNEOUS:VOLCANIC:MAFIC,PICRITE,48.38,1.76,0.27
1114,19.3,-155.5,IGNEOUS:VOLCANIC:MAFIC,BASALT,50.75,2.25,0.35
1115,18.942,-155.887,IGNEOUS:VOLCANIC:MAFIC,BASALT,51.22,2.56,0.5
1116,19.51,-155.5,IGNEOUS:VOLCANIC:MAFIC,THOLEIITE,49.85,1.74,0.11
1117,19.51,-155.5,IGNEOUS:VOLCANIC:MAFIC,THOLEIITE,47.74,1.69,0.21
1118,19.51,-155.5,IGNEOUS:VOLCANIC:MAFIC,THOLEIITE,49.69,2.0,0.26
1119,64.0372,-20.7883,IGNEOUS:VOLCANIC:MAFIC,BASALT,47.59,2.03,0.21
1120,19.3,-155.5,IGNEOUS:VOLCANIC:MAFIC,BASALT,51.16,2.25,0.35
1121,19.51,-155.5,IGNEOUS:VOLCANIC:MAFIC,THOLEIITE,50.54,2.21,0.38
1122,19.3,-155.5,IGNEOUS:VOLCANIC:MAFIC,BASALT,52.29,2.3,0.43
1123,18.8167,-156.056,IGNEOUS:VOLCANIC:MAFIC,PICRITE,49.35,1.79,0.26
1124,22.0178,-158.905,IGNEOUS:VOLCANIC:MAFIC,BASALT,52.39,2.56,0.49
1125,22.0178,-158.905,IGNEOUS:VOLCANIC:MAFIC,BASALT,50.56,2.22,0.44
1126,19.3,-155.5,IGNEOUS:VOLCANIC:MAFIC,BASALT,51.06,2.02,0.35
1127,64.7689,-19.5,IGNEOUS:VOLCANIC:MAFIC,BASALT,47.4,2.12,0.12
1128,19.3,-155.5,IGNEOUS:VOLCANIC:MAFIC,BASALT,51.71,2.14,0.4
1129,18.8228,-155.72299999999998,IGNEOUS:VOLCANIC:MAFIC,PICRITE,49.86,1.62,0.27
1130,19.3,-155.5,IGNEOUS:VOLCANIC:MAFIC,BASALT,51.49,2.11,0.33
1131,18.8227,-155.721,IGNEOUS:VOLCANIC:MAFIC,PICRITE,47.07,0.97,0.2
1132,19.3,-155.5,IGNEOUS:VOLCANIC:MAFIC,BASALT,51.61,2.28,0.43
1133,19.3,-155.5,IGNEOUS:VOLCANIC:MAFIC,BASALT,51.57,2.05,0.44
1134,18.6772,-155.686,IGNEOUS:VOLCANIC:MAFIC,PICRITE,46.07,0.96,0.18
1135,19.3,-155.5,IGNEOUS:VOLCANIC:MAFIC,BASALT,51.4,2.09,0.36
1136,19.51,-155.5,IGNEOUS:VOLCANIC:MAFIC,THOLEIITE,47.61,1.69,0.36
1137,64.9594,-19.8752,IGNEOUS:VOLCANIC:MAFIC,BASALT,48.4,1.51,0.07
1138,18.8527,-155.92600000000002,IGNEOUS:VOLCANIC:MAFIC,PICRITE,49.97,2.0,0.32
1139,19.3545,-155.983,IGNEOUS:VOLCANIC:MAFIC,BASALT,50.97,2.28,0.38
1140,19.7408,-155.05,IGNEOUS:VOLCANIC:MAFIC,THOLEIITE,50.19,2.23,0.28
1141,18.8235,-155.708,IGNEOUS:VOLCANIC:MAFIC,BASALT,50.64,1.85,0.31
1142,19.51,-155.5,IGNEOUS:VOLCANIC:MAFIC,THOLEIITE,47.31,1.91,0.95
1143,19.51,-155.5,IGNEOUS:VOLCANIC:MAFIC,THOLEIITE,46.92,1.17,0.24
1144,64.3863,-21.2119,IGNEOUS:VOLCANIC:MAFIC,BASALT,48.19,1.29,0.24
1145,19.51,-155.5,IGNEOUS:VOLCANIC:MAFIC,THOLEIITE,50.2,2.28,0.33
1146,19.3,-155.5,IGNEOUS:VOLCANIC:MAFIC,BASALT,51.35,2.3,0.37
1147,64.5414,-20.7984,IGNEOUS:VOLCANIC:MAFIC,BASALT,48.39,1.32,0.03
1148,18.6192,-155.775,IGNEOUS:VOLCANIC:MAFIC,BASALT,50.21,1.99,0.39
1149,19.3,-155.5,IGNEOUS:VOLCANIC:MAFIC,BASALT,51.09,2.44,0.35
1150,19.51,-155.5,IGNEOUS:VOLCANIC:MAFIC,THOLEIITE,45.01,0.746,0.13
1151,19.7408,-155.05,IGNEOUS:VOLCANIC:MAFIC,THOLEIITE,48.43,1.76,0.26
1152,19.4538,-155.958,IGNEOUS:VOLCANIC:MAFIC,BASALT,47.01,3.19,0.6
1153,18.7812,-155.715,IGNEOUS:VOLCANIC:MAFIC,BASALT,50.89,2.06,0.34
1154,18.6355,-155.77200000000002,IGNEOUS:VOLCANIC:MAFIC,PICRITE,48.81,1.64,0.3
1155,19.3808,-155.946,IGNEOUS:VOLCANIC:MAFIC,BASALT,49.92,1.91,0.31
1156,19.51,-155.5,IGNEOUS:VOLCANIC:MAFIC,THOLEIITE,49.82,2.22,0.45
1157,19.51,-155.5,IGNEOUS:VOLCANIC:MAFIC,THOLEIITE,49.21,1.73,0.23
1158,19.1055,-156.321,IGNEOUS:VOLCANIC:MAFIC,BASALT,49.7,2.05,0.36
1159,19.3,-155.5,IGNEOUS:VOLCANIC:MAFIC,BASALT,51.94,2.13,0.34
1160,18.8069,-155.85,IGNEOUS:VOLCANIC:MAFIC,BASALT,49.97,2.05,0.32
1161,19.4214,-155.283,IGNEOUS:VOLCANIC:MAFIC,BASALT,,,
1162,19.4214,-155.283,IGNEOUS:VOLCANIC:MAFIC,BASALT,51.57,2.16,0.47
1163,19.51,-155.5,IGNEOUS:VOLCANIC:MAFIC,THOLEIITE,47.46,1.68,0.32
1164,19.3,-155.5,IGNEOUS:VOLCANIC:MAFIC,BASALT,51.22,1.92,0.37
1165,19.1736,-156.042,IGNEOUS:VOLCANIC:MAFIC,BASALT,51.26,2.17,0.3
1166,19.51,-155.5,IGNEOUS:VOLCANIC:MAFIC,THOLEIITE,43.67,2.85,0.83
1167,19.51,-155.5,IGNEOUS:VOLCANIC:MAFIC,THOLEIITE,47.64,1.92,0.13
1168,19.3,-155.5,IGNEOUS:VOLCANIC:MAFIC,BASALT,50.78,2.12,0.34
1169,19.0865,-156.145,IGNEOUS:VOLCANIC:MAFIC,BASALT,51.09,1.89,0.32
1170,19.51,-155.5,IGNEOUS:VOLCANIC:MAFIC,THOLEIITE,49.7,2.53,0.45
1171,19.51,-155.5,IGNEOUS:VOLCANIC:MAFIC,THOLEIITE,46.8,1.93,0.13
1172,18.8787,-155.692,IGNEOUS:VOLCANIC:MAFIC,PICRITE,49.23,2.23,0.29
1173,18.8285,-155.69899999999998,IGNEOUS:VOLCANIC:MAFIC,PICRITE,49.74,1.94,0.37
1174,18.6752,-155.685,IGNEOUS:VOLCANIC:MAFIC,BASALT,50.61,2.01,0.33
1175,18.641,-155.767,IGNEOUS:VOLCANIC:MAFIC,PICRITE,47.92,1.5,0.23
1176,19.4853,-155.97,IGNEOUS:VOLCANIC:MAFIC,BASALT,50.96,2.27,0.38
1177,19.51,-155.5,IGNEOUS:VOLCANIC:MAFIC,THOLEIITE,47.44,1.51,0.21
1178,21.9906,-158.901,IGNEOUS:VOLCANIC:MAFIC,BASALT,48.98,2.37,0.8
1179,21.9906,-158.901,IGNEOUS:VOLCANIC:MAFIC,BASALT,48.03,2.06,0.74
1180,18.8237,-155.714,IGNEOUS:VOLCANIC:MAFIC,PICRITE,46.6,1.13,0.24
1181,19.3,-155.5,IGNEOUS:VOLCANIC:MAFIC,BASALT,51.26,2.47,0.38
1182,18.942,-155.887,IGNEOUS:VOLCANIC:MAFIC,PICRITE,50.07,1.83,0.27
1183,64.5338,-20.8194,IGNEOUS:VOLCANIC:MAFIC,BASALT,48.88,1.39,0.03
1184,19.51,-155.5,IGNEOUS:VOLCANIC:MAFIC,THOLEIITE,50.66,1.16,0.25
1185,19.3,-155.5,IGNEOUS:VOLCANIC:MAFIC,BASALT,51.95,2.14,0.35
1186,19.3,-155.5,IGNEOUS:VOLCANIC:MAFIC,BASALT,51.6,2.23,0.36
1187,19.467,-155.988,IGNEOUS:VOLCANIC:MAFIC,BASALT,51.9,1.97,0.36
1188,19.157,-155.965,IGNEOUS:VOLCANIC:MAFIC,BASALT,51.69,2.41,0.42
1189,19.7408,-155.05,IGNEOUS:VOLCANIC:MAFIC,THOLEIITE,51.42,2.55,0.44
1190,18.8227,-155.719,IGNEOUS:VOLCANIC:MAFIC,PICRITE,47.93,1.32,0.22
1191,63.9251,-21.3922,IGNEOUS:VOLCANIC:MAFIC,BASALT,48.56,1.47,0.15
1192,19.3,-155.5,IGNEOUS:VOLCANIC:MAFIC,BASALT,51.71,2.13,0.33
1193,19.3,-155.5,IGNEOUS:VOLCANIC:MAFIC,BASALT,50.57,2.05,0.32
1194,19.3,-155.5,IGNEOUS:VOLCANIC:MAFIC,BASALT,51.56,2.42,0.4
1195,19.51,-155.5,IGNEOUS:VOLCANIC:MAFIC,THOLEIITE,49.0,1.74,0.43
1196,19.3,-155.5,IGNEOUS:VOLCANIC:MAFIC,BASALT,52.01,2.53,0.44
1197,64.0076,-20.649,IGNEOUS:VOLCANIC:MAFIC,BASALT,47.9,2.14,0.16
1198,64.0076,-20.649,IGNEOUS:VOLCANIC:MAFIC,BASALT,48.78,2.0,0.16
1199,18.8069,-155.85,IGNEOUS:VOLCANIC:MAFIC,BASALT,50.97,2.18,0.34
1200,19.7408,-155.05,IGNEOUS:VOLCANIC:MAFIC,THOLEIITE,50.04,2.26,0.33
1201,21.7703,-158.957,IGNEOUS:VOLCANIC:MAFIC,BASALT,,,
1202,21.7703,-158.957,IGNEOUS:VOLCANIC:MAFIC,BASALT,50.23,1.85,0.29
1203,19.51,-155.5,IGNEOUS:VOLCANIC:MAFIC,THOLEIITE,46.17,1.26,0.2
1204,19.51,-155.5,IGNEOUS:VOLCANIC:MAFIC,THOLEIITE,48.15,2.05,0.41
1205,19.3,-155.5,IGNEOUS:VOLCANIC:MAFIC,BASALT,51.63,1.88,0.46
1206,19.3742,-155.933,IGNEOUS:VOLCANIC:MAFIC,ALKALI BASALT,46.7,3.42,0.89
1207,19.3,-155.5,IGNEOUS:VOLCANIC:MAFIC,BASALT,47.38,1.49,0.28
1208,65.9505,-17.0831,IGNEOUS:VOLCANIC:MAFIC,BASALT,,,
1209,19.0865,-156.145,IGNEOUS:VOLCANIC:MAFIC,BASALT,51.14,2.25,0.38
1210,19.3,-155.5,IGNEOUS:VOLCANIC:MAFIC,BASALT,51.54,2.38,0.39
1211,19.3,-155.5,IGNEOUS:VOLCANIC:MAFIC,BASALT,52.28,2.42,0.45
1212,19.3,-155.5,IGNEOUS:VOLCANIC:MAFIC,BASALT,50.54,1.85,0.29
1213,19.51,-155.5,IGNEOUS:VOLCANIC:MAFIC,THOLEIITE,47.32,1.9,0.16
1214,64.4918,-20.7811,IGNEOUS:VOLCANIC:MAFIC,BASALT,48.66,1.32,0.12
1215,19.3,-155.5,IGNEOUS:VOLCANIC:MAFIC,BASALT,50.84,2.21,0.36
1216,19.3,-155.5,IGNEOUS:VOLCANIC:MAFIC,BASALT,51.16,2.26,0.28
1217,64.0132,-20.6791,IGNEOUS:VOLCANIC:MAFIC,BASALT,47.22,2.28,0.18
1218,19.51,-155.5,IGNEOUS:VOLCANIC:MAFIC,THOLEIITE,49.39,1.77,0.21
1219,64.4815,-20.4269,IGNEOUS:VOLCANIC:MAFIC,BASALT,48.78,1.86,0.16
1220,19.3612,-156.062,IGNEOUS:VOLCANIC:MAFIC,PICRITE,49.99,1.95,0.3
1221,64.7566,-20.5362,IGNEOUS:VOLCANIC:MAFIC,BASALT,49.34,1.59,0.07
1222,64.9664,-19.8683,IGNEOUS:VOLCANIC:MAFIC,BASALT,48.16,1.51,0.07
1223,19.51,-155.5,IGNEOUS:VOLCANIC:MAFIC,THOLEIITE,44.23,0.75,0.07
1224,19.3,-155.5,IGNEOUS:VOLCANIC:MAFIC,BASALT,51.93,2.02,0.33
1225,19.51,-155.5,IGNEOUS:VOLCANIC:MAFIC,THOLEIITE,46.69,1.63,0.25
1226,19.3,-155.5,IGNEOUS:VOLCANIC:MAFIC,BASALT,51.68,1.98,0.4
1227,18.62,-155.775,IGNEOUS:VOLCANIC:MAFIC,PICRITE,48.32,1.82,0.25
1228,19.3,-155.5,IGNEOUS:VOLCANIC:MAFIC,BASALT,48.21,1.68,0.27
1229,19.51,-155.5,IGNEOUS:VOLCANIC:MAFIC,THOLEIITE,49.79,2.27,0.41
1230,18.6972,-155.77100000000002,IGNEOUS:VOLCANIC:MAFIC,PICRITE,47.55,1.55,0.21
1231,18.7688,-155.715,IGNEOUS:VOLCANIC:MAFIC,BASALT,50.07,2.19,0.39
1232,64.0186,-20.6741,IGNEOUS:VOLCANIC:MAFIC,BASALT,48.5,2.14,0.1
1233,19.51,-155.5,IGNEOUS:VOLCANIC:MAFIC,THOLEIITE,47.59,1.92,0.08
1234,19.1392,-156.09799999999998,IGNEOUS:VOLCANIC:MAFIC,BASALT,51.14,2.59,0.6
1235,19.3,-155.5,IGNEOUS:VOLCANIC:MAFIC,BASALT,48.67,1.83,0.35
1236,19.3,-155.5,IGNEOUS:VOLCANIC:MAFIC,BASALT,51.76,2.32,0.44
1237,18.8519,-155.618,IGNEOUS:VOLCANIC:MAFIC,BASALT,49.87,2.09,0.28
1238,19.7408,-155.05,IGNEOUS:VOLCANIC:MAFIC,BASALT,,1.45,0.27
1239,19.7408,-155.05,IGNEOUS:VOLCANIC:MAFIC,BASALT,,,
1240,19.6,-155.97,IGNEOUS:VOLCANIC:MAFIC,BASALT,46.71,2.6,0.78
1241,19.3,-155.5,IGNEOUS:VOLCANIC:MAFIC,BASALT,51.68,2.15,0.38
1242,19.3,-155.5,IGNEOUS:VOLCANIC:MAFIC,BASALT,50.19,1.88,0.32
1243,19.7408,-155.05,IGNEOUS:VOLCANIC:MAFIC,BASALT,,1.57,0.39
1244,19.7408,-155.05,IGNEOUS:VOLCANIC:MAFIC,BASALT,,,
1245,64.7378,-20.4759,IGNEOUS:VOLCANIC:MAFIC,BASALT,49.38,1.2,0.04
1246,18.8228,-155.72299999999998,IGNEOUS:VOLCANIC:MAFIC,PICRITE,49.76,1.69,0.26
1247,19.51,-155.5,IGNEOUS:VOLCANIC:MAFIC,THOLEIITE,47.67,1.65,0.23
1248,19.51,-155.5,IGNEOUS:VOLCANIC:MAFIC,THOLEIITE,46.7,1.46,0.24
1249,19.51,-155.5,IGNEOUS:VOLCANIC:MAFIC,THOLEIITE,49.44,2.12,0.38
1250,19.3,-155.5,IGNEOUS:VOLCANIC:MAFIC,BASALT,52.27,2.38,0.39
1251,19.51,-155.5,IGNEOUS:VOLCANIC:MAFIC,THOLEIITE,50.51,1.84,0.21
1252,19.419,-155.987,IGNEOUS:VOLCANIC:MAFIC,BASALT,51.45,2.25,0.38
1253,18.983,-155.917,IGNEOUS:VOLCANIC:MAFIC,BASALT,50.57,2.27,0.35
1254,18.7571,-155.796,IGNEOUS:VOLCANIC:MAFIC,BASALT,51.37,2.2,0.34
1255,19.3,-155.5,IGNEOUS:VOLCANIC:MAFIC,BASALT,51.56,2.21,0.39
1256,18.8333,-155.733,IGNEOUS:VOLCANIC:MAFIC,BASALT,51.6,2.34,0.35
1257,19.3,-155.5,IGNEOUS:VOLCANIC:MAFIC,BASALT,51.6,2.04,0.47
1258,19.1055,-156.321,IGNEOUS:VOLCANIC:MAFIC,BASALT,51.35,2.31,0.34
1259,64.4026,-20.5473,IGNEOUS:VOLCANIC:MAFIC,BASALT,48.93,1.58,0.14
1260,64.4026,-20.5473,IGNEOUS:VOLCANIC:MAFIC,BASALT,48.3,2.17,0.16
1261,19.3,-155.5,IGNEOUS:VOLCANIC:MAFIC,BASALT,51.47,1.8,0.44
1262,19.51,-155.5,IGNEOUS:VOLCANIC:MAFIC,THOLEIITE,51.15,2.0,0.28
1263,18.8069,-155.85,IGNEOUS:VOLCANIC:MAFIC,PICRITE,48.51,1.77,0.25
1264,19.3,-155.5,IGNEOUS:VOLCANIC:MAFIC,BASALT,50.75,2.24,0.38
1265,19.51,-155.5,IGNEOUS:VOLCANIC:MAFIC,THOLEIITE,48.56,1.69,0.22
1266,19.51,-155.5,IGNEOUS:VOLCANIC:MAFIC,THOLEIITE,50.32,2.35,0.32
1267,19.51,-155.5,IGNEOUS:VOLCANIC:MAFIC,THOLEIITE,50.53,2.07,0.29
1268,19.3,-155.5,IGNEOUS:VOLCANIC:MAFIC,BASALT,51.57,2.26,0.42
1269,63.9327,-21.4122,IGNEOUS:VOLCANIC:MAFIC,BASALT,47.84,1.42,0.01
1270,19.3,-155.5,IGNEOUS:VOLCANIC:MAFIC,BASALT,50.25,2.25,0.34
1271,19.51,-155.5,IGNEOUS:VOLCANIC:MAFIC,THOLEIITE,49.56,2.25,0.32
1272,19.7408,-155.05,IGNEOUS:VOLCANIC:MAFIC,THOLEIITE,47.09,1.59,0.19
1273,64.0155,-21.3487,IGNEOUS:VOLCANIC:MAFIC,BASALT,48.68,1.34,0.11
1274,64.2636,-20.9172,IGNEOUS:VOLCANIC:MAFIC,BASALT,48.65,1.79,0.2
1275,18.6878,-155.696,IGNEOUS:VOLCANIC:MAFIC,PICRITE,47.13,1.29,0.18
1276,19.3,-155.5,IGNEOUS:VOLCANIC:MAFIC,BASALT,48.87,1.84,0.26
1277,19.51,-155.5,IGNEOUS:VOLCANIC:MAFIC,THOLEIITE,46.89,1.73,0.38
1278,21.5866,-159.055,IGNEOUS:VOLCANIC:MAFIC,BASALT,43.95,3.5,1.22
1279,21.5866,-159.055,IGNEOUS:VOLCANIC:MAFIC,BASALT,,,
1280,21.5866,-159.055,IGNEOUS:VOLCANIC:MAFIC,BASALT,43.72,2.95,1.1
1281,19.3,-155.5,IGNEOUS:VOLCANIC:MAFIC,BASALT,50.54,1.93,0.3
1282,18.8826,-155.707,IGNEOUS:VOLCANIC:MAFIC,PICRITE,44.18,1.04,0.14
1283,19.51,-155.5,IGNEOUS:VOLCANIC:MAFIC,THOLEIITE,47.21,1.31,0.23
1284,18.7167,-155.841,IGNEOUS:VOLCANIC:MAFIC,PICRITE,49.41,1.94,0.25
1285,19.38,-155.1,IGNEOUS:VOLCANIC:MAFIC,BASALT,50.62,2.34,0.38
1286,21.7568,-159.006,IGNEOUS:VOLCANIC:MAFIC,BASALT,49.6,2.47,0.95
1287,19.4333,-155.972,IGNEOUS:VOLCANIC:MAFIC,BASALT,51.16,2.23,0.33
1288,18.8814,-155.702,IGNEOUS:VOLCANIC:MAFIC,BASALT,51.13,2.81,0.43
1289,19.51,-155.5,IGNEOUS:VOLCANIC:MAFIC,THOLEIITE,45.15,1.24,0.22
1290,19.51,-155.5,IGNEOUS:VOLCANIC:MAFIC,THOLEIITE,47.57,1.35,0.24
1291,19.3,-155.5,IGNEOUS:VOLCANIC:MAFIC,BASALT,52.15,2.32,0.46
1292,19.51,-155.5,IGNEOUS:VOLCANIC:MAFIC,THOLEIITE,47.18,1.56,0.1
1293,19.175,-155.972,IGNEOUS:VOLCANIC:MAFIC,BASALT,51.91,2.15,0.42
1294,19.4062,-155.283,IGNEOUS:VOLCANIC:MAFIC,BASALT,,,
1295,64.2824,-20.8691,IGNEOUS:VOLCANIC:MAFIC,BASALT,48.41,2.09,0.21
1296,19.51,-155.5,IGNEOUS:VOLCANIC:MAFIC,THOLEIITE,48.81,2.19,0.2
1297,19.3,-155.5,IGNEOUS:VOLCANIC:MAFIC,BASALT,49.75,1.97,0.29
1298,19.51,-155.5,IGNEOUS:VOLCANIC:MAFIC,THOLEIITE,46.04,1.55,0.15
1299,19.51,-155.5,IGNEOUS:VOLCANIC:MAFIC,THOLEIITE,47.65,1.35,0.09
1300,19.3,-155.5,IGNEOUS:VOLCANIC:MAFIC,BASALT,51.7,2.03,0.31
1301,21.9555,-158.888,IGNEOUS:VOLCANIC:MAFIC,BASALT,51.1,2.74,0.68
1302,21.9555,-158.888,IGNEOUS:VOLCANIC:MAFIC,BASALT,,,
1303,21.9555,-158.888,IGNEOUS:VOLCANIC:MAFIC,BASALT,48.98,2.81,1.15
1304,18.8333,-155.733,IGNEOUS:VOLCANIC:MAFIC,BASALT,51.13,2.23,0.39
1305,19.3,-155.5,IGNEOUS:VOLCANIC:MAFIC,BASALT,50.79,2.26,0.39
1306,19.3,-155.5,IGNEOUS:VOLCANIC:MAFIC,BASALT,51.61,2.11,0.35
1307,19.51,-155.5,IGNEOUS:VOLCANIC:MAFIC,THOLEIITE,47.13,1.48,0.21
1308,19.51,-155.5,IGNEOUS:VOLCANIC:MAFIC,THOLEIITE,48.96,1.91,0.35
1309,18.8516,-155.69,IGNEOUS:VOLCANIC:MAFIC,PICRITE,49.55,2.34,0.32
1310,19.51,-155.5,IGNEOUS:VOLCANIC:MAFIC,THOLEIITE,50.63,2.13,0.37
1311,18.8285,-155.69899999999998,IGNEOUS:VOLCANIC:MAFIC,BASALT,50.61,1.84,0.33
1312,19.3,-155.5,IGNEOUS:VOLCANIC:MAFIC,BASALT,51.66,2.08,0.42
1313,19.51,-155.5,IGNEOUS:VOLCANIC:MAFIC,BASALT,,,
1314,19.51,-155.5,IGNEOUS:VOLCANIC:MAFIC,BASALT,48.55,4.31,1.68
1315,19.51,-155.5,IGNEOUS:VOLCANIC:MAFIC,THOLEIITE,46.57,2.19,0.25
1316,64.797,-19.4688,IGNEOUS:VOLCANIC:MAFIC,BASALT,49.3,2.57,0.44
1317,18.7572,-155.792,IGNEOUS:VOLCANIC:MAFIC,PICRITE,49.44,1.71,0.27
1318,18.8233,-155.71200000000002,IGNEOUS:VOLCANIC:MAFIC,BASALT,51.43,2.03,0.33
1319,19.3,-155.5,IGNEOUS:VOLCANIC:MAFIC,BASALT,50.72,2.1,0.41
1320,19.51,-155.5,IGNEOUS:VOLCANIC:MAFIC,THOLEIITE,48.3,1.7,0.22
1321,19.51,-155.5,IGNEOUS:VOLCANIC:MAFIC,THOLEIITE,50.52,2.02,0.32
1322,19.3,-155.5,IGNEOUS:VOLCANIC:MAFIC,BASALT,51.57,2.44,0.53
1323,19.3,-155.5,IGNEOUS:VOLCANIC:MAFIC,BASALT,52.09,2.17,0.37
1324,19.3,-155.5,IGNEOUS:VOLCANIC:MAFIC,BASALT,51.74,2.45,0.48
1325,19.51,-155.5,IGNEOUS:VOLCANIC:MAFIC,THOLEIITE,46.37,1.13,0.21
1326,19.3,-155.5,IGNEOUS:VOLCANIC:MAFIC,BASALT,51.61,2.5,0.42
1327,19.51,-155.5,IGNEOUS:VOLCANIC:MAFIC,THOLEIITE,48.5,2.24,0.35
1328,18.6797,-155.687,IGNEOUS:VOLCANIC:MAFIC,PICRITE,45.9,1.13,0.17
1329,19.51,-155.5,IGNEOUS:VOLCANIC:MAFIC,THOLEIITE,45.26,0.8,0.05
1330,19.3,-155.5,IGNEOUS:VOLCANIC:MAFIC,BASALT,50.1,1.95,0.37
1331,19.4587,-155.957,IGNEOUS:VOLCANIC:MAFIC,BASALT,51.95,2.24,0.36
1332,18.8233,-155.713,IGNEOUS:VOLCANIC:MAFIC,BASALT,51.23,2.29,0.35
1333,64.0197,-20.6744,IGNEOUS:VOLCANIC:MAFIC,BASALT,48.19,1.94,0.13
1334,64.8512,-19.7463,IGNEOUS:VOLCANIC:MAFIC,BASALT,48.61,1.56,0.06
1335,18.8069,-155.85,IGNEOUS:VOLCANIC:MAFIC,BASALT,50.67,2.11,0.32
1336,19.51,-155.5,IGNEOUS:VOLCANIC:MAFIC,THOLEIITE,51.1,1.9609999999999999,0.26
1337,64.797,-19.4688,IGNEOUS:VOLCANIC:MAFIC,BASALT,50.2,2.31,0.6
1338,19.51,-155.5,IGNEOUS:VOLCANIC:MAFIC,THOLEIITE,50.24,2.49,0.33
1339,18.983,-155.917,IGNEOUS:VOLCANIC:MAFIC,BASALT,50.2,1.93,0.34
1340,19.51,-155.5,IGNEOUS:VOLCANIC:MAFIC,THOLEIITE,47.41,1.53,0.23
1341,19.3612,-156.062,IGNEOUS:VOLCANIC:MAFIC,BASALT,48.29,1.54,0.25
1342,64.5913,-20.6558,IGNEOUS:VOLCANIC:MAFIC,BASALT,48.77,1.54,0.13
1343,19.51,-155.5,IGNEOUS:VOLCANIC:MAFIC,THOLEIITE,48.42,1.85,0.42
1344,19.51,-155.5,IGNEOUS:VOLCANIC:MAFIC,THOLEIITE,45.5,1.44,0.22
1345,18.8805,-155.69899999999998,IGNEOUS:VOLCANIC:MAFIC,PICRITE,50.12,2.24,0.28
1346,63.86,-22.43,IGNEOUS:VOLCANIC:MAFIC,BASALT,,,
1347,64.0118,-20.6904,IGNEOUS:VOLCANIC:MAFIC,BASALT,47.48,2.3,0.19
1348,18.942,-155.887,IGNEOUS:VOLCANIC:MAFIC,PICRITE,48.06,1.65,0.22
1349,18.8167,-156.056,IGNEOUS:VOLCANIC:MAFIC,BASALT,51.08,2.13,0.32
1350,18.6477,-155.764,IGNEOUS:VOLCANIC:MAFIC,PICRITE,48.98,1.85,0.29
1351,19.3,-155.5,IGNEOUS:VOLCANIC:MAFIC,BASALT,51.6,2.37,0.41
1352,18.8829,-155.718,IGNEOUS:VOLCANIC:MAFIC,PICRITE,43.49,0.94,0.13
1353,63.9897,-21.3429,IGNEOUS:VOLCANIC:MAFIC,BASALT,48.99,1.38,0.05
1354,19.51,-155.5,IGNEOUS:VOLCANIC:MAFIC,THOLEIITE,47.59,1.83,0.14
1355,64.3444,-20.5494,IGNEOUS:VOLCANIC:MAFIC,BASALT,47.9,2.16,0.21
1356,64.3444,-20.5494,IGNEOUS:VOLCANIC:MAFIC,BASALT,47.96,1.62,0.19
1357,19.51,-155.5,IGNEOUS:VOLCANIC:MAFIC,THOLEIITE,49.24,1.87,0.28
1358,19.7408,-155.05,IGNEOUS:VOLCANIC:MAFIC,BASALT,,,
1359,19.4188,-155.986,IGNEOUS:VOLCANIC:MAFIC,BASALT,50.88,2.25,0.38
1360,63.97,-21.74,IGNEOUS:VOLCANIC:MAFIC,BASALT,,,
1361,19.4333,-155.972,IGNEOUS:VOLCANIC:MAFIC,BASALT,51.33,2.09,0.33
1362,19.3,-155.5,IGNEOUS:VOLCANIC:MAFIC,BASALT,51.55,2.51,0.4
1363,18.942,-155.887,IGNEOUS:VOLCANIC:MAFIC,BASALT,51.31,2.29,0.34
1364,19.3,-155.5,IGNEOUS:VOLCANIC:MAFIC,BASALT,50.74,2.07,0.4
1365,19.51,-155.5,IGNEOUS:VOLCANIC:MAFIC,THOLEIITE,47.29,1.57,0.29
1366,19.51,-155.5,IGNEOUS:VOLCANIC:MAFIC,THOLEIITE,50.29,2.24,0.42
1367,64.0233,-21.4531,IGNEOUS:VOLCANIC:MAFIC,BASALT,47.93,2.05,0.21
1368,64.3671,-20.6677,IGNEOUS:VOLCANIC:MAFIC,BASALT,48.21,1.38,0.09
1369,18.8829,-155.71,IGNEOUS:VOLCANIC:MAFIC,PICRITE,43.59,0.93,0.13
1370,19.3,-155.5,IGNEOUS:VOLCANIC:MAFIC,BASALT,51.25,2.2,0.36
1371,18.983,-155.917,IGNEOUS:VOLCANIC:MAFIC,BASALT,51.49,2.37,0.35
1372,21.9685,-158.893,IGNEOUS:VOLCANIC:MAFIC,BASALT,,,
1373,21.9685,-158.893,IGNEOUS:VOLCANIC:MAFIC,BASALT,48.43,2.44,0.79
1374,18.6285,-155.77700000000002,IGNEOUS:VOLCANIC:MAFIC,PICRITE,47.96,1.66,0.26
1375,18.8232,-155.717,IGNEOUS:VOLCANIC:MAFIC,PICRITE,48.1,1.52,0.28
1376,19.51,-155.5,IGNEOUS:VOLCANIC:MAFIC,THOLEIITE,50.27,2.29,0.43
1377,19.1055,-156.321,IGNEOUS:VOLCANIC:MAFIC,PICRITE,49.89,1.6,0.27
1378,18.6615,-155.737,IGNEOUS:VOLCANIC:MAFIC,BASALT,50.41,1.95,0.27
1379,19.51,-155.5,IGNEOUS:VOLCANIC:MAFIC,THOLEIITE,48.87,1.72,0.28
1380,19.51,-155.5,IGNEOUS:VOLCANIC:MAFIC,THOLEIITE,47.33,1.45,0.18
1381,19.51,-155.5,IGNEOUS:VOLCANIC:MAFIC,THOLEIITE,49.79,1.76,0.32
1382,18.676,-155.686,IGNEOUS:VOLCANIC:MAFIC,PICRITE,46.18,1.18,0.18
1383,19.51,-155.5,IGNEOUS:VOLCANIC:MAFIC,THOLEIITE,47.35,1.25,0.08
1384,19.51,-155.5,IGNEOUS:VOLCANIC:MAFIC,THOLEIITE,50.37,2.37,0.39
1385,19.0865,-156.145,IGNEOUS:VOLCANIC:MAFIC,BASALT,50.86,2.26,0.26
1386,19.51,-155.5,IGNEOUS:VOLCANIC:MAFIC,THOLEIITE,47.88,1.37,0.1
1387,19.3,-155.5,IGNEOUS:VOLCANIC:MAFIC,BASALT,51.74,2.03,0.33
1388,18.6252,-155.779,IGNEOUS:VOLCANIC:MAFIC,PICRITE,48.85,1.75,0.32
1389,65.0359,-19.7389,IGNEOUS:VOLCANIC:MAFIC,BASALT,47.97,1.71,0.07
1390,19.1736,-156.042,IGNEOUS:VOLCANIC:MAFIC,BASALT,51.44,2.38,0.34
1391,19.51,-155.5,IGNEOUS:VOLCANIC:MAFIC,THOLEIITE,46.63,0.86,0.14
1392,19.3,-155.5,IGNEOUS:VOLCANIC:MAFIC,BASALT,,,
1393,19.3,-155.5,IGNEOUS:VOLCANIC:MAFIC,BASALT,51.87,2.27,0.51
1394,19.1055,-156.321,IGNEOUS:VOLCANIC:MAFIC,BASALT,49.97,1.85,0.36
1395,19.3,-155.5,IGNEOUS:VOLCANIC:MAFIC,BASALT,50.97,2.4,0.34
1396,19.51,-155.5,IGNEOUS:VOLCANIC:MAFIC,THOLEIITE,49.56,2.05,0.38
1397,19.51,-155.5,IGNEOUS:VOLCANIC:MAFIC,THOLEIITE,46.87,1.58,0.3
1398,19.4623,-155.985,IGNEOUS:VOLCANIC:MAFIC,BASALT,51.58,2.22,0.45
1399,19.7408,-155.05,IGNEOUS:VOLCANIC:MAFIC,THOLEIITE,37.28,0.41,0.38
1400,18.6617,-155.738,IGNEOUS:VOLCANIC:MAFIC,BASALT,50.3,2.04,0.26
1401,19.3,-155.5,IGNEOUS:VOLCANIC:MAFIC,BASALT,51.18,2.0,0.36
1402,19.51,-155.5,IGNEOUS:VOLCANIC:MAFIC,THOLEIITE,47.64,1.85,0.3
1403,19.7408,-155.05,IGNEOUS:VOLCANIC:MAFIC,BASALT,,1.53,0.23
1404,19.7408,-155.05,IGNEOUS:VOLCANIC:MAFIC,BASALT,,,
1405,19.3,-155.5,IGNEOUS:VOLCANIC:MAFIC,BASALT,50.98,2.28,0.41
1406,18.662,-155.739,IGNEOUS:VOLCANIC:MAFIC,BASALT,50.47,2.07,0.27
1407,18.8275,-155.7,IGNEOUS:VOLCANIC:MAFIC,BASALT,49.69,1.95,0.29
1408,18.8232,-155.71200000000002,IGNEOUS:VOLCANIC:MAFIC,BASALT,51.54,2.16,0.36
1409,19.1392,-156.09799999999998,IGNEOUS:VOLCANIC:MAFIC,BASALT,49.51,1.95,0.31
1410,19.51,-155.5,IGNEOUS:VOLCANIC:MAFIC,THOLEIITE,50.53,2.25,0.45
1411,19.3,-155.5,IGNEOUS:VOLCANIC:MAFIC,BASALT,51.87,2.19,0.39
1412,19.3,-155.5,IGNEOUS:VOLCANIC:MAFIC,BASALT,48.57,1.69,0.34
1413,18.8227,-155.721,IGNEOUS:VOLCANIC:MAFIC,PICRITE,47.27,1.18,0.21
1414,19.3,-155.5,IGNEOUS:VOLCANIC:MAFIC,BASALT,51.41,2.23,0.36
1415,19.51,-155.5,IGNEOUS:VOLCANIC:MAFIC,THOLEIITE,46.7,1.51,0.14
1416,18.983,-155.917,IGNEOUS:VOLCANIC:MAFIC,BASALT,51.41,2.38,0.43
1417,64.7748,-19.5191,IGNEOUS:VOLCANIC:MAFIC,BASALT,48.16,1.57,0.12
1418,19.51,-155.5,IGNEOUS:VOLCANIC:MAFIC,THOLEIITE,45.45,1.77,0.27
1419,19.3,-155.5,IGNEOUS:VOLCANIC:MAFIC,BASALT,51.48,2.34,0.36
1420,19.51,-155.5,IGNEOUS:VOLCANIC:MAFIC,THOLEIITE,49.15,1.93,0.33
1421,18.8069,-155.85,IGNEOUS:VOLCANIC:MAFIC,BASALT,49.94,2.19,0.33
1422,19.51,-155.5,IGNEOUS:VOLCANIC:MAFIC,THOLEIITE,46.37,1.13,0.21
1423,19.3518,-155.969,IGNEOUS:VOLCANIC:MAFIC,BASALT,50.88,2.3,0.37
1424,19.51,-155.5,IGNEOUS:VOLCANIC:MAFIC,THOLEIITE,46.7,1.44,0.08
1425,19.51,-155.5,IGNEOUS:VOLCANIC:MAFIC,THOLEIITE,48.25,1.78,0.27
1426,19.51,-155.5,IGNEOUS:VOLCANIC:MAFIC,THOLEIITE,47.85,2.11,0.22
1427,19.0865,-156.145,IGNEOUS:VOLCANIC:MAFIC,BASALT,50.91,1.89,0.32
1428,19.51,-155.5,IGNEOUS:VOLCANIC:MAFIC,THOLEIITE,46.64,1.54,0.19
1429,18.6797,-155.741,IGNEOUS:VOLCANIC:MAFIC,BASALT,47.64,1.3,0.22
1430,18.6955,-155.737,IGNEOUS:VOLCANIC:MAFIC,BASALT,50.72,2.09,0.33
1431,19.51,-155.5,IGNEOUS:VOLCANIC:MAFIC,THOLEIITE,46.51,1.31,0.3
1432,18.8233,-155.72899999999998,IGNEOUS:VOLCANIC:MAFIC,BASALT,50.9,2.11,0.33
1433,19.51,-155.5,IGNEOUS:VOLCANIC:MAFIC,THOLEIITE,50.27,2.35,0.31
1434,19.3,-155.5,IGNEOUS:VOLCANIC:MAFIC,BASALT,51.7,2.37,0.39
1435,18.6395,-155.767,IGNEOUS:VOLCANIC:MAFIC,PICRITE,48.22,1.58,0.29
1436,21.7425,-159.012,IGNEOUS:VOLCANIC:MAFIC,BASALT,55.57,2.54,0.24
1437,21.7425,-159.012,IGNEOUS:VOLCANIC:MAFIC,BASALT,,,
1438,21.7425,-159.012,IGNEOUS:VOLCANIC:MAFIC,BASALT,53.42,2.22,0.21
1439,19.51,-155.5,IGNEOUS:VOLCANIC:MAFIC,THOLEIITE,47.74,1.42,0.12
1440,19.51,-155.5,IGNEOUS:VOLCANIC:MAFIC,THOLEIITE,45.46,1.19,0.18
1441,19.0865,-156.145,IGNEOUS:VOLCANIC:MAFIC,BASALT,51.75,2.22,0.32
1442,64.2824,-20.8691,IGNEOUS:VOLCANIC:MAFIC,BASALT,49.26,2.19,0.24
1443,64.9688,-19.8779,IGNEOUS:VOLCANIC:MAFIC,BASALT,49.37,1.41,0.06
1444,18.8527,-155.92600000000002,IGNEOUS:VOLCANIC:MAFIC,PICRITE,48.08,1.84,0.25
1445,64.7163,-19.6667,IGNEOUS:VOLCANIC:MAFIC,BASALT,49.36,0.96,0.04
1446,19.3,-155.5,IGNEOUS:VOLCANIC:MAFIC,BASALT,51.88,2.47,0.49
1447,64.3136,-20.6027,IGNEOUS:VOLCANIC:MAFIC,BASALT,48.3,2.19,0.27
1448,64.3136,-20.6027,IGNEOUS:VOLCANIC:MAFIC,BASALT,47.88,2.24,0.27
1449,19.4337,-155.97299999999998,IGNEOUS:VOLCANIC:MAFIC,BASALT,51.31,2.16,0.34
1450,18.942,-155.887,IGNEOUS:VOLCANIC:MAFIC,PICRITE,49.97,1.86,0.3
1451,18.6826,-155.691,IGNEOUS:VOLCANIC:MAFIC,PICRITE,47.75,1.32,0.18
1452,64.6792,-20.7228,IGNEOUS:VOLCANIC:MAFIC,BASALT,47.75,1.63,0.11
1453,18.942,-155.887,IGNEOUS:VOLCANIC:MAFIC,BASALT,51.29,2.54,0.36
1454,19.3,-155.5,IGNEOUS:VOLCANIC:MAFIC,BASALT,51.61,2.19,0.39
1455,19.3,-155.5,IGNEOUS:VOLCANIC:MAFIC,BASALT,47.12,1.39,0.21
1456,19.51,-155.5,IGNEOUS:VOLCANIC:MAFIC,THOLEIITE,49.7,2.25,0.35
1457,19.4512,-155.96,IGNEOUS:VOLCANIC:MAFIC,BASALT,47.1,3.05,0.59
1458,19.51,-155.5,IGNEOUS:VOLCANIC:MAFIC,THOLEIITE,50.69,2.01,0.25
1459,64.0076,-20.6586,IGNEOUS:VOLCANIC:MAFIC,BASALT,48.6,1.87,0.14
1460,19.3,-155.5,IGNEOUS:VOLCANIC:MAFIC,BASALT,51.59,2.11,0.32
1461,19.51,-155.5,IGNEOUS:VOLCANIC:MAFIC,THOLEIITE,47.31,1.92,0.17
1462,19.3,-155.5,IGNEOUS:VOLCANIC:MAFIC,BASALT,49.76,1.92,0.29
1463,19.3,-155.5,IGNEOUS:VOLCANIC:MAFIC,BASALT,51.44,2.39,0.37
1464,19.51,-155.5,IGNEOUS:VOLCANIC:MAFIC,THOLEIITE,49.26,1.91,0.29
1465,19.51,-155.5,IGNEOUS:VOLCANIC:MAFIC,THOLEIITE,47.41,1.75,0.34
1466,19.51,-155.5,IGNEOUS:VOLCANIC:MAFIC,THOLEIITE,48.23,1.49,0.2
1467,18.7572,-155.792,IGNEOUS:VOLCANIC:MAFIC,BASALT,50.67,2.0,0.35
1468,19.3,-155.5,IGNEOUS:VOLCANIC:MAFIC,BASALT,51.69,2.25,0.35
1469,19.51,-155.5,IGNEOUS:VOLCANIC:MAFIC,THOLEIITE,46.45,1.27,0.18
1470,19.3,-155.5,IGNEOUS:VOLCANIC:MAFIC,BASALT,50.97,1.94,0.38
1471,19.3,-155.5,IGNEOUS:VOLCANIC:MAFIC,BASALT,51.47,2.38,0.39
1472,63.9364,-21.4909,IGNEOUS:VOLCANIC:MAFIC,BASALT,48.7,2.68,0.38
1473,19.51,-155.5,IGNEOUS:VOLCANIC:MAFIC,THOLEIITE,47.65,1.3530000000000002,0.09
1474,19.51,-155.5,IGNEOUS:VOLCANIC:MAFIC,THOLEIITE,48.55,1.74,0.27
1475,18.6757,-155.686,IGNEOUS:VOLCANIC:MAFIC,PICRITE,47.13,1.44,0.2
1476,19.51,-155.5,IGNEOUS:VOLCANIC:MAFIC,THOLEIITE,50.31,1.89,0.31
1477,19.51,-155.5,IGNEOUS:VOLCANIC:MAFIC,THOLEIITE,47.07,1.32,0.19
1478,19.3,-155.5,IGNEOUS:VOLCANIC:MAFIC,BASALT,43.48,0.91,0.13
1479,19.3,-155.5,IGNEOUS:VOLCANIC:MAFIC,BASALT,51.23,2.19,0.37
1480,19.3,-155.5,IGNEOUS:VOLCANIC:MAFIC,BASALT,50.45,2.22,0.26
1481,19.51,-155.5,IGNEOUS:VOLCANIC:MAFIC,THOLEIITE,47.28,1.76,0.19
1482,21.7234,-158.987,IGNEOUS:VOLCANIC:MAFIC,BASALT,51.33,2.24,0.51
1483,19.0865,-156.145,IGNEOUS:VOLCANIC:MAFIC,PICRITE,49.36,1.78,0.25
1484,19.51,-155.5,IGNEOUS:VOLCANIC:MAFIC,THOLEIITE,48.06,1.63,0.37
1485,19.51,-155.5,IGNEOUS:VOLCANIC:MAFIC,THOLEIITE,48.15,1.42,0.22
1486,19.51,-155.5,IGNEOUS:VOLCANIC:MAFIC,THOLEIITE,49.98,2.31,0.5
1487,19.3,-155.5,IGNEOUS:VOLCANIC:MAFIC,BASALT,50.68,2.09,0.35
1488,19.51,-155.5,IGNEOUS:VOLCANIC:MAFIC,THOLEIITE,46.4,0.9,0.3
1489,19.51,-155.5,IGNEOUS:VOLCANIC:MAFIC,THOLEIITE,49.35,1.84,0.37
1490,19.3,-155.5,IGNEOUS:VOLCANIC:MAFIC,BASALT,51.0,2.09,0.29
1491,19.3,-155.5,IGNEOUS:VOLCANIC:MAFIC,BASALT,51.58,2.02,0.33
